user_id,region,subscription_type,signup_date
u_0,US,monthly,2023-09-01
u_1,EU,trial,2024-05-01
u_2,EU,monthly,2024-05-01
u_3,US,monthly,2023-09-01
u_4,US,annual,2023-11-01
u_5,US,monthly,2024-02-01
u_6,US,monthly,2023-06-01
u_7,US,monthly,2024-06-01
u_8,EU,monthly,2023-05-01
u_9,US,annual,2024-04-01
u_10,EU,monthly,2023-03-01
u_11,EU,monthly,2023-03-01
u_12,EU,trial,2023-04-01
u_13,US,monthly,2024-02-01
u_14,US,monthly,2024-05-01
u_15,US,monthly,2023-11-01
u_16,US,trial,2023-11-01
u_17,EU,monthly,2024-01-01
u_18,US,monthly,2024-05-01
u_19,US,monthly,2023-02-01
u_20,EU,monthly,2023-04-01
u_21,US,monthly,2024-06-01
u_22,US,monthly,2023-11-01
u_23,US,annual,2023-05-01
u_24,US,monthly,2024-05-01
u_25,US,trial,2024-02-01
u_26,LATAM,annual,2023-09-01
u_27,US,annual,2024-02-01
u_28,EU,annual,2023-01-01
u_29,US,annual,2024-06-01
u_30,US,trial,2023-08-01
u_31,US,monthly,2024-05-01
u_32,LATAM,trial,2023-09-01
u_33,EU,monthly,2023-08-01
u_34,US,annual,2023-07-01
u_35,US,annual,2023-02-01
u_36,US,annual,2024-06-01
u_37,US,trial,2023-01-01
u_38,US,monthly,2023-09-01
u_39,US,monthly,2024-03-01
u_40,EU,monthly,2023-03-01
u_41,EU,annual,2023-03-01
u_42,EU,monthly,2024-05-01
u_43,US,trial,2023-07-01
u_44,US,monthly,2023-01-01
u_45,US,monthly,2023-09-01
u_46,LATAM,monthly,2023-01-01
u_47,LATAM,trial,2023-08-01
u_48,EU,annual,2023-05-01
u_49,EU,monthly,2024-04-01
u_50,US,monthly,2023-03-01
u_51,LATAM,monthly,2023-10-01
u_52,EU,monthly,2024-02-01
u_53,US,monthly,2024-05-01
u_54,LATAM,monthly,2024-01-01
u_55,EU,trial,2024-03-01
u_56,EU,annual,2023-04-01
u_57,US,monthly,2023-08-01
u_58,LATAM,trial,2024-03-01
u_59,US,trial,2023-12-01
u_60,US,monthly,2024-02-01
u_61,US,monthly,2024-04-01
u_62,EU,monthly,2023-02-01
u_63,EU,annual,2023-12-01
u_64,US,monthly,2024-06-01
u_65,LATAM,trial,2023-06-01
u_66,US,monthly,2023-08-01
u_67,LATAM,trial,2023-09-01
u_68,US,trial,2023-06-01
u_69,LATAM,monthly,2023-10-01
u_70,US,trial,2023-07-01
u_71,US,monthly,2023-11-01
u_72,US,monthly,2024-03-01
u_73,EU,trial,2023-03-01
u_74,US,annual,2023-05-01
u_75,US,monthly,2023-09-01
u_76,US,monthly,2023-01-01
u_77,US,trial,2023-10-01
u_78,LATAM,trial,2023-09-01
u_79,US,trial,2023-04-01
u_80,EU,monthly,2023-09-01
u_81,EU,trial,2023-03-01
u_82,LATAM,trial,2024-02-01
u_83,EU,trial,2023-11-01
u_84,US,monthly,2024-02-01
u_85,US,monthly,2023-08-01
u_86,US,trial,2023-11-01
u_87,US,monthly,2023-04-01
u_88,EU,trial,2023-06-01
u_89,US,monthly,2024-06-01
u_90,US,trial,2023-03-01
u_91,LATAM,monthly,2023-03-01
u_92,EU,annual,2023-10-01
u_93,LATAM,annual,2023-06-01
u_94,US,trial,2023-04-01
u_95,US,trial,2024-04-01
u_96,LATAM,monthly,2024-06-01
u_97,US,monthly,2024-04-01
u_98,LATAM,monthly,2024-05-01
u_99,US,monthly,2023-04-01
u_100,EU,trial,2023-04-01
u_101,US,monthly,2023-01-01
u_102,EU,monthly,2024-02-01
u_103,US,trial,2023-04-01
u_104,EU,monthly,2024-05-01
u_105,EU,monthly,2024-06-01
u_106,US,monthly,2023-03-01
u_107,US,monthly,2023-10-01
u_108,LATAM,trial,2024-06-01
u_109,US,monthly,2024-02-01
u_110,US,trial,2024-01-01
u_111,US,monthly,2023-07-01
u_112,LATAM,annual,2024-06-01
u_113,LATAM,monthly,2023-11-01
u_114,EU,annual,2023-10-01
u_115,US,annual,2023-06-01
u_116,US,trial,2024-02-01
u_117,US,monthly,2023-09-01
u_118,US,trial,2023-01-01
u_119,US,monthly,2023-03-01
u_120,US,annual,2023-05-01
u_121,US,annual,2024-02-01
u_122,US,monthly,2023-07-01
u_123,EU,monthly,2023-09-01
u_124,LATAM,annual,2024-02-01
u_125,EU,annual,2023-05-01
u_126,EU,monthly,2023-06-01
u_127,US,monthly,2023-09-01
u_128,US,annual,2023-02-01
u_129,EU,annual,2023-10-01
u_130,EU,monthly,2024-05-01
u_131,US,monthly,2023-12-01
u_132,US,monthly,2023-06-01
u_133,US,monthly,2023-10-01
u_134,US,monthly,2023-07-01
u_135,EU,monthly,2023-06-01
u_136,US,annual,2023-03-01
u_137,LATAM,trial,2023-02-01
u_138,EU,monthly,2023-09-01
u_139,US,monthly,2023-04-01
u_140,US,monthly,2023-12-01
u_141,LATAM,monthly,2024-02-01
u_142,LATAM,trial,2023-12-01
u_143,US,annual,2024-04-01
u_144,EU,trial,2024-05-01
u_145,US,monthly,2023-04-01
u_146,US,monthly,2023-09-01
u_147,LATAM,monthly,2024-04-01
u_148,EU,monthly,2024-02-01
u_149,US,trial,2023-09-01
u_150,EU,monthly,2024-02-01
u_151,EU,monthly,2023-06-01
u_152,US,monthly,2023-03-01
u_153,US,annual,2023-08-01
u_154,US,monthly,2024-01-01
u_155,US,monthly,2023-07-01
u_156,US,annual,2024-02-01
u_157,US,annual,2023-02-01
u_158,EU,monthly,2024-05-01
u_159,US,monthly,2023-12-01
u_160,EU,monthly,2023-02-01
u_161,US,monthly,2023-09-01
u_162,US,monthly,2024-04-01
u_163,EU,monthly,2024-01-01
u_164,US,annual,2023-12-01
u_165,US,annual,2023-09-01
u_166,LATAM,trial,2023-05-01
u_167,US,trial,2024-06-01
u_168,EU,monthly,2023-09-01
u_169,EU,monthly,2024-05-01
u_170,US,trial,2024-06-01
u_171,EU,monthly,2023-05-01
u_172,US,trial,2024-04-01
u_173,US,monthly,2023-07-01
u_174,LATAM,monthly,2023-10-01
u_175,US,monthly,2024-04-01
u_176,US,annual,2024-05-01
u_177,US,annual,2023-10-01
u_178,US,monthly,2024-02-01
u_179,LATAM,trial,2024-05-01
u_180,EU,trial,2023-11-01
u_181,EU,trial,2023-11-01
u_182,EU,monthly,2023-02-01
u_183,US,monthly,2024-01-01
u_184,US,monthly,2024-03-01
u_185,US,monthly,2023-09-01
u_186,US,trial,2024-02-01
u_187,LATAM,trial,2023-05-01
u_188,US,monthly,2023-12-01
u_189,US,trial,2024-03-01
u_190,US,monthly,2024-01-01
u_191,US,annual,2023-05-01
u_192,EU,monthly,2023-09-01
u_193,EU,trial,2023-07-01
u_194,US,trial,2023-06-01
u_195,LATAM,monthly,2024-03-01
u_196,US,monthly,2023-01-01
u_197,EU,trial,2023-11-01
u_198,LATAM,trial,2023-11-01
u_199,US,monthly,2024-05-01
u_200,EU,monthly,2023-09-01
u_201,US,annual,2024-03-01
u_202,US,monthly,2024-02-01
u_203,EU,annual,2024-03-01
u_204,EU,monthly,2024-05-01
u_205,US,monthly,2023-03-01
u_206,US,monthly,2023-03-01
u_207,US,monthly,2024-03-01
u_208,EU,trial,2024-04-01
u_209,EU,annual,2023-05-01
u_210,US,trial,2024-06-01
u_211,US,trial,2023-12-01
u_212,US,trial,2024-02-01
u_213,EU,annual,2024-05-01
u_214,LATAM,trial,2023-07-01
u_215,EU,annual,2023-09-01
u_216,US,trial,2023-02-01
u_217,US,monthly,2023-06-01
u_218,US,monthly,2023-06-01
u_219,US,trial,2024-02-01
u_220,US,monthly,2023-03-01
u_221,US,annual,2023-02-01
u_222,LATAM,monthly,2023-12-01
u_223,US,monthly,2023-05-01
u_224,EU,trial,2024-02-01
u_225,EU,annual,2023-01-01
u_226,LATAM,monthly,2023-11-01
u_227,LATAM,trial,2023-08-01
u_228,LATAM,monthly,2023-11-01
u_229,US,monthly,2023-01-01
u_230,US,annual,2023-04-01
u_231,US,annual,2023-05-01
u_232,US,monthly,2024-05-01
u_233,US,annual,2023-09-01
u_234,US,monthly,2023-12-01
u_235,US,trial,2024-01-01
u_236,EU,monthly,2023-10-01
u_237,US,trial,2023-06-01
u_238,US,annual,2023-09-01
u_239,US,monthly,2023-02-01
u_240,EU,monthly,2023-09-01
u_241,US,trial,2024-01-01
u_242,US,monthly,2023-01-01
u_243,US,monthly,2024-06-01
u_244,LATAM,monthly,2024-06-01
u_245,LATAM,monthly,2024-02-01
u_246,EU,trial,2023-11-01
u_247,US,monthly,2023-04-01
u_248,LATAM,monthly,2024-01-01
u_249,EU,monthly,2023-07-01
u_250,EU,monthly,2023-09-01
u_251,LATAM,monthly,2024-02-01
u_252,US,monthly,2023-08-01
u_253,EU,annual,2024-05-01
u_254,EU,monthly,2023-04-01
u_255,EU,monthly,2024-02-01
u_256,EU,annual,2023-02-01
u_257,US,monthly,2023-08-01
u_258,EU,monthly,2023-02-01
u_259,EU,trial,2023-06-01
u_260,US,monthly,2023-10-01
u_261,US,annual,2023-02-01
u_262,US,trial,2023-09-01
u_263,US,annual,2023-07-01
u_264,EU,annual,2023-06-01
u_265,US,monthly,2023-08-01
u_266,US,monthly,2023-04-01
u_267,LATAM,annual,2023-12-01
u_268,EU,monthly,2024-02-01
u_269,EU,monthly,2023-02-01
u_270,US,monthly,2023-06-01
u_271,EU,monthly,2024-05-01
u_272,US,monthly,2023-06-01
u_273,LATAM,trial,2023-03-01
u_274,LATAM,monthly,2023-05-01
u_275,US,annual,2023-06-01
u_276,US,monthly,2023-08-01
u_277,US,monthly,2023-09-01
u_278,EU,monthly,2023-06-01
u_279,LATAM,trial,2024-06-01
u_280,US,annual,2023-03-01
u_281,EU,monthly,2024-04-01
u_282,US,monthly,2023-02-01
u_283,LATAM,annual,2023-01-01
u_284,US,monthly,2024-02-01
u_285,EU,monthly,2024-06-01
u_286,EU,monthly,2024-05-01
u_287,EU,monthly,2023-02-01
u_288,US,monthly,2023-09-01
u_289,EU,monthly,2023-10-01
u_290,EU,trial,2023-08-01
u_291,EU,annual,2024-06-01
u_292,US,trial,2023-03-01
u_293,US,monthly,2023-09-01
u_294,US,monthly,2023-12-01
u_295,US,monthly,2024-03-01
u_296,EU,monthly,2023-04-01
u_297,US,monthly,2023-09-01
u_298,US,monthly,2023-10-01
u_299,EU,trial,2023-07-01
u_300,US,monthly,2024-04-01
u_301,US,monthly,2023-05-01
u_302,US,monthly,2023-10-01
u_303,EU,annual,2023-10-01
u_304,LATAM,monthly,2023-05-01
u_305,US,monthly,2024-02-01
u_306,EU,trial,2023-10-01
u_307,US,annual,2023-04-01
u_308,US,monthly,2024-04-01
u_309,LATAM,annual,2023-06-01
u_310,EU,annual,2023-06-01
u_311,LATAM,annual,2023-04-01
u_312,US,monthly,2023-11-01
u_313,EU,annual,2024-04-01
u_314,EU,annual,2023-11-01
u_315,EU,monthly,2024-06-01
u_316,EU,monthly,2024-06-01
u_317,US,annual,2023-05-01
u_318,LATAM,trial,2024-02-01
u_319,US,trial,2023-02-01
u_320,EU,annual,2023-04-01
u_321,EU,monthly,2023-05-01
u_322,US,monthly,2023-04-01
u_323,US,monthly,2023-04-01
u_324,LATAM,monthly,2024-05-01
u_325,LATAM,monthly,2023-09-01
u_326,US,trial,2024-05-01
u_327,US,monthly,2024-02-01
u_328,EU,monthly,2023-04-01
u_329,LATAM,trial,2024-05-01
u_330,US,trial,2023-02-01
u_331,US,annual,2024-04-01
u_332,EU,monthly,2023-08-01
u_333,LATAM,monthly,2023-04-01
u_334,US,monthly,2024-02-01
u_335,EU,monthly,2024-02-01
u_336,EU,monthly,2023-02-01
u_337,LATAM,monthly,2023-11-01
u_338,US,monthly,2023-02-01
u_339,EU,monthly,2023-09-01
u_340,US,monthly,2023-04-01
u_341,US,monthly,2023-07-01
u_342,LATAM,annual,2023-05-01
u_343,US,trial,2023-02-01
u_344,US,monthly,2023-06-01
u_345,US,monthly,2023-03-01
u_346,EU,monthly,2023-03-01
u_347,US,monthly,2023-12-01
u_348,US,annual,2023-03-01
u_349,EU,annual,2024-04-01
u_350,US,monthly,2024-03-01
u_351,US,monthly,2023-11-01
u_352,EU,monthly,2024-06-01
u_353,EU,annual,2023-07-01
u_354,US,trial,2024-04-01
u_355,EU,monthly,2023-04-01
u_356,US,monthly,2024-01-01
u_357,US,monthly,2024-03-01
u_358,EU,annual,2023-01-01
u_359,EU,trial,2024-01-01
u_360,US,trial,2023-05-01
u_361,EU,monthly,2024-06-01
u_362,US,monthly,2023-09-01
u_363,LATAM,monthly,2023-12-01
u_364,EU,monthly,2023-05-01
u_365,US,monthly,2023-10-01
u_366,EU,trial,2023-02-01
u_367,LATAM,monthly,2023-03-01
u_368,EU,monthly,2023-05-01
u_369,US,annual,2024-04-01
u_370,US,monthly,2023-09-01
u_371,US,monthly,2023-09-01
u_372,LATAM,monthly,2023-05-01
u_373,US,trial,2023-08-01
u_374,US,trial,2023-08-01
u_375,US,trial,2024-05-01
u_376,EU,annual,2023-08-01
u_377,US,annual,2023-08-01
u_378,EU,trial,2023-12-01
u_379,US,monthly,2023-07-01
u_380,EU,monthly,2023-04-01
u_381,EU,annual,2024-06-01
u_382,EU,monthly,2024-06-01
u_383,US,monthly,2024-04-01
u_384,US,annual,2023-12-01
u_385,US,monthly,2023-01-01
u_386,US,monthly,2024-04-01
u_387,EU,monthly,2023-03-01
u_388,LATAM,monthly,2023-09-01
u_389,US,trial,2023-06-01
u_390,US,monthly,2023-01-01
u_391,LATAM,trial,2024-06-01
u_392,EU,monthly,2023-02-01
u_393,EU,monthly,2024-01-01
u_394,US,annual,2024-02-01
u_395,US,monthly,2023-09-01
u_396,EU,annual,2024-06-01
u_397,US,monthly,2023-10-01
u_398,US,monthly,2024-01-01
u_399,LATAM,monthly,2023-10-01
u_400,LATAM,monthly,2024-02-01
u_401,US,monthly,2024-06-01
u_402,LATAM,monthly,2024-05-01
u_403,US,monthly,2024-05-01
u_404,US,monthly,2024-01-01
u_405,LATAM,annual,2024-01-01
u_406,US,trial,2023-10-01
u_407,LATAM,trial,2023-06-01
u_408,US,annual,2023-04-01
u_409,US,monthly,2024-02-01
u_410,US,monthly,2024-02-01
u_411,US,monthly,2023-03-01
u_412,US,annual,2023-01-01
u_413,US,annual,2023-12-01
u_414,US,monthly,2024-06-01
u_415,US,monthly,2023-06-01
u_416,EU,monthly,2023-01-01
u_417,US,annual,2024-05-01
u_418,US,trial,2024-01-01
u_419,US,monthly,2023-07-01
u_420,US,monthly,2023-05-01
u_421,EU,monthly,2023-04-01
u_422,EU,monthly,2023-05-01
u_423,LATAM,monthly,2024-05-01
u_424,US,monthly,2023-12-01
u_425,EU,monthly,2023-01-01
u_426,EU,annual,2023-11-01
u_427,EU,annual,2023-08-01
u_428,US,annual,2024-06-01
u_429,LATAM,trial,2023-09-01
u_430,EU,monthly,2023-11-01
u_431,LATAM,monthly,2024-02-01
u_432,US,monthly,2024-02-01
u_433,EU,trial,2023-06-01
u_434,EU,annual,2023-06-01
u_435,EU,monthly,2023-07-01
u_436,EU,trial,2023-11-01
u_437,US,annual,2024-04-01
u_438,EU,annual,2023-05-01
u_439,EU,monthly,2023-05-01
u_440,LATAM,monthly,2023-03-01
u_441,US,monthly,2023-05-01
u_442,EU,monthly,2024-03-01
u_443,EU,monthly,2023-09-01
u_444,LATAM,trial,2024-05-01
u_445,EU,annual,2023-08-01
u_446,EU,monthly,2023-12-01
u_447,EU,trial,2023-08-01
u_448,US,monthly,2023-04-01
u_449,US,monthly,2023-11-01
u_450,US,monthly,2023-08-01
u_451,US,monthly,2023-02-01
u_452,US,trial,2023-09-01
u_453,EU,monthly,2023-02-01
u_454,US,annual,2023-02-01
u_455,EU,trial,2023-02-01
u_456,US,trial,2023-03-01
u_457,LATAM,annual,2023-12-01
u_458,LATAM,annual,2023-10-01
u_459,US,annual,2023-04-01
u_460,EU,monthly,2024-02-01
u_461,US,monthly,2023-12-01
u_462,EU,monthly,2023-11-01
u_463,LATAM,annual,2024-04-01
u_464,US,monthly,2024-04-01
u_465,LATAM,trial,2024-02-01
u_466,LATAM,monthly,2023-06-01
u_467,LATAM,annual,2023-12-01
u_468,US,monthly,2023-01-01
u_469,EU,monthly,2024-02-01
u_470,EU,monthly,2024-04-01
u_471,US,trial,2023-05-01
u_472,US,monthly,2024-01-01
u_473,EU,monthly,2024-06-01
u_474,US,annual,2024-04-01
u_475,US,annual,2023-08-01
u_476,EU,trial,2023-02-01
u_477,US,monthly,2023-03-01
u_478,EU,monthly,2023-11-01
u_479,US,monthly,2023-04-01
u_480,US,annual,2023-07-01
u_481,EU,monthly,2023-12-01
u_482,EU,trial,2023-09-01
u_483,US,monthly,2023-02-01
u_484,EU,monthly,2023-07-01
u_485,US,monthly,2023-12-01
u_486,LATAM,monthly,2023-06-01
u_487,EU,monthly,2024-06-01
u_488,LATAM,monthly,2023-04-01
u_489,EU,monthly,2023-03-01
u_490,US,monthly,2024-06-01
u_491,EU,annual,2024-04-01
u_492,US,annual,2023-06-01
u_493,US,monthly,2023-11-01
u_494,EU,monthly,2023-07-01
u_495,US,annual,2023-08-01
u_496,EU,annual,2023-11-01
u_497,US,monthly,2024-06-01
u_498,LATAM,monthly,2023-01-01
u_499,US,monthly,2024-04-01
u_500,LATAM,monthly,2023-03-01
u_501,US,monthly,2023-02-01
u_502,US,monthly,2023-10-01
u_503,EU,monthly,2024-01-01
u_504,US,monthly,2024-03-01
u_505,LATAM,monthly,2023-08-01
u_506,US,monthly,2023-02-01
u_507,US,monthly,2024-06-01
u_508,US,monthly,2023-03-01
u_509,US,trial,2024-01-01
u_510,EU,annual,2024-01-01
u_511,US,monthly,2023-05-01
u_512,US,monthly,2023-11-01
u_513,US,monthly,2023-08-01
u_514,EU,monthly,2023-01-01
u_515,EU,monthly,2023-12-01
u_516,US,trial,2023-03-01
u_517,US,monthly,2024-03-01
u_518,EU,monthly,2024-04-01
u_519,US,monthly,2023-03-01
u_520,EU,trial,2023-03-01
u_521,LATAM,annual,2024-05-01
u_522,US,annual,2024-02-01
u_523,EU,annual,2023-06-01
u_524,US,trial,2024-03-01
u_525,US,monthly,2023-10-01
u_526,EU,monthly,2023-12-01
u_527,US,trial,2023-03-01
u_528,US,trial,2023-12-01
u_529,LATAM,annual,2023-11-01
u_530,US,monthly,2023-08-01
u_531,LATAM,monthly,2023-02-01
u_532,LATAM,annual,2024-06-01
u_533,LATAM,monthly,2023-02-01
u_534,LATAM,monthly,2024-04-01
u_535,EU,trial,2023-04-01
u_536,US,trial,2023-01-01
u_537,US,monthly,2024-06-01
u_538,US,trial,2023-01-01
u_539,US,trial,2023-03-01
u_540,US,monthly,2024-04-01
u_541,EU,monthly,2024-03-01
u_542,US,monthly,2024-01-01
u_543,US,monthly,2024-02-01
u_544,US,trial,2023-03-01
u_545,US,monthly,2023-02-01
u_546,LATAM,annual,2023-01-01
u_547,US,monthly,2024-06-01
u_548,EU,monthly,2023-05-01
u_549,EU,trial,2023-06-01
u_550,US,monthly,2024-06-01
u_551,US,monthly,2023-05-01
u_552,EU,monthly,2023-12-01
u_553,EU,monthly,2023-11-01
u_554,LATAM,trial,2023-01-01
u_555,US,monthly,2023-12-01
u_556,US,annual,2023-06-01
u_557,EU,annual,2023-09-01
u_558,US,monthly,2023-11-01
u_559,US,monthly,2024-03-01
u_560,EU,monthly,2023-02-01
u_561,US,monthly,2023-08-01
u_562,LATAM,monthly,2024-03-01
u_563,LATAM,monthly,2023-10-01
u_564,US,annual,2023-03-01
u_565,US,monthly,2023-10-01
u_566,US,monthly,2023-06-01
u_567,EU,annual,2024-05-01
u_568,US,monthly,2024-05-01
u_569,US,monthly,2023-04-01
u_570,EU,annual,2024-02-01
u_571,US,monthly,2024-02-01
u_572,LATAM,monthly,2024-01-01
u_573,LATAM,trial,2023-08-01
u_574,LATAM,monthly,2023-08-01
u_575,EU,monthly,2023-11-01
u_576,EU,monthly,2023-12-01
u_577,LATAM,monthly,2023-10-01
u_578,EU,monthly,2023-08-01
u_579,EU,annual,2024-04-01
u_580,US,monthly,2024-03-01
u_581,US,monthly,2023-05-01
u_582,US,annual,2023-10-01
u_583,US,trial,2023-08-01
u_584,US,monthly,2024-02-01
u_585,US,monthly,2023-09-01
u_586,US,annual,2023-07-01
u_587,US,monthly,2024-01-01
u_588,US,monthly,2023-03-01
u_589,US,monthly,2024-06-01
u_590,LATAM,monthly,2024-05-01
u_591,US,annual,2024-06-01
u_592,LATAM,monthly,2024-02-01
u_593,LATAM,monthly,2023-05-01
u_594,US,monthly,2023-05-01
u_595,US,monthly,2024-05-01
u_596,EU,annual,2024-01-01
u_597,US,trial,2024-05-01
u_598,US,monthly,2023-04-01
u_599,EU,annual,2023-10-01
u_600,US,trial,2023-05-01
u_601,US,monthly,2023-11-01
u_602,US,annual,2023-06-01
u_603,EU,monthly,2024-01-01
u_604,US,monthly,2024-02-01
u_605,EU,monthly,2023-06-01
u_606,US,annual,2023-05-01
u_607,LATAM,monthly,2024-03-01
u_608,US,trial,2023-06-01
u_609,LATAM,trial,2024-01-01
u_610,US,annual,2024-06-01
u_611,US,monthly,2023-01-01
u_612,US,trial,2024-03-01
u_613,EU,monthly,2023-06-01
u_614,LATAM,monthly,2023-05-01
u_615,US,monthly,2023-03-01
u_616,EU,monthly,2024-01-01
u_617,LATAM,annual,2024-01-01
u_618,US,annual,2023-10-01
u_619,US,annual,2024-04-01
u_620,EU,annual,2023-06-01
u_621,EU,monthly,2023-07-01
u_622,EU,monthly,2023-01-01
u_623,EU,monthly,2023-03-01
u_624,LATAM,annual,2023-06-01
u_625,US,annual,2023-02-01
u_626,LATAM,monthly,2023-12-01
u_627,US,annual,2024-06-01
u_628,EU,monthly,2023-07-01
u_629,EU,annual,2023-01-01
u_630,US,monthly,2024-04-01
u_631,EU,trial,2024-04-01
u_632,EU,monthly,2024-01-01
u_633,US,trial,2023-06-01
u_634,US,monthly,2024-01-01
u_635,US,trial,2023-05-01
u_636,EU,monthly,2024-03-01
u_637,US,monthly,2024-02-01
u_638,LATAM,monthly,2023-01-01
u_639,EU,annual,2023-09-01
u_640,EU,annual,2023-07-01
u_641,LATAM,annual,2023-08-01
u_642,US,monthly,2023-02-01
u_643,EU,monthly,2024-03-01
u_644,EU,annual,2024-06-01
u_645,EU,monthly,2023-05-01
u_646,US,monthly,2024-05-01
u_647,EU,monthly,2024-06-01
u_648,EU,monthly,2024-03-01
u_649,US,trial,2024-01-01
u_650,US,annual,2023-07-01
u_651,US,monthly,2023-11-01
u_652,EU,monthly,2023-05-01
u_653,US,monthly,2023-07-01
u_654,LATAM,monthly,2023-07-01
u_655,LATAM,monthly,2023-11-01
u_656,US,monthly,2023-02-01
u_657,EU,monthly,2023-01-01
u_658,US,trial,2024-03-01
u_659,EU,monthly,2023-10-01
u_660,US,trial,2023-10-01
u_661,US,annual,2024-01-01
u_662,US,annual,2023-03-01
u_663,US,monthly,2023-07-01
u_664,US,monthly,2024-02-01
u_665,EU,trial,2024-01-01
u_666,US,monthly,2023-10-01
u_667,EU,monthly,2023-04-01
u_668,EU,monthly,2023-07-01
u_669,US,trial,2023-12-01
u_670,US,annual,2023-03-01
u_671,US,monthly,2024-01-01
u_672,US,monthly,2023-03-01
u_673,US,monthly,2023-12-01
u_674,US,monthly,2024-06-01
u_675,EU,trial,2023-05-01
u_676,US,monthly,2023-09-01
u_677,US,monthly,2023-09-01
u_678,EU,annual,2024-02-01
u_679,US,monthly,2023-12-01
u_680,EU,monthly,2023-10-01
u_681,US,monthly,2023-06-01
u_682,US,monthly,2023-10-01
u_683,LATAM,monthly,2023-05-01
u_684,EU,monthly,2023-07-01
u_685,EU,annual,2024-05-01
u_686,LATAM,trial,2023-03-01
u_687,EU,monthly,2023-08-01
u_688,US,annual,2023-01-01
u_689,EU,monthly,2023-04-01
u_690,US,monthly,2023-12-01
u_691,LATAM,monthly,2023-10-01
u_692,LATAM,monthly,2023-10-01
u_693,EU,monthly,2024-02-01
u_694,EU,monthly,2023-12-01
u_695,US,trial,2024-02-01
u_696,US,monthly,2023-12-01
u_697,LATAM,monthly,2023-09-01
u_698,EU,monthly,2024-04-01
u_699,LATAM,monthly,2024-05-01
u_700,LATAM,monthly,2023-02-01
u_701,EU,monthly,2023-09-01
u_702,EU,monthly,2023-04-01
u_703,US,annual,2023-03-01
u_704,LATAM,monthly,2024-04-01
u_705,US,monthly,2024-04-01
u_706,LATAM,monthly,2024-06-01
u_707,EU,trial,2024-03-01
u_708,US,monthly,2024-05-01
u_709,US,trial,2024-06-01
u_710,LATAM,monthly,2023-09-01
u_711,US,trial,2024-05-01
u_712,EU,trial,2023-09-01
u_713,US,monthly,2023-10-01
u_714,LATAM,trial,2024-05-01
u_715,US,monthly,2024-01-01
u_716,LATAM,annual,2023-05-01
u_717,US,trial,2023-05-01
u_718,US,trial,2023-08-01
u_719,US,trial,2023-04-01
u_720,EU,monthly,2024-05-01
u_721,EU,monthly,2024-02-01
u_722,EU,monthly,2024-06-01
u_723,EU,annual,2024-06-01
u_724,US,annual,2024-02-01
u_725,US,trial,2024-06-01
u_726,US,trial,2023-02-01
u_727,EU,trial,2023-03-01
u_728,LATAM,monthly,2023-02-01
u_729,US,annual,2024-05-01
u_730,US,annual,2024-04-01
u_731,EU,monthly,2024-02-01
u_732,LATAM,monthly,2023-03-01
u_733,US,monthly,2023-01-01
u_734,US,monthly,2023-09-01
u_735,US,trial,2024-03-01
u_736,LATAM,monthly,2023-06-01
u_737,US,monthly,2024-02-01
u_738,EU,monthly,2024-04-01
u_739,LATAM,annual,2023-02-01
u_740,US,monthly,2023-04-01
u_741,US,monthly,2024-01-01
u_742,US,trial,2023-05-01
u_743,LATAM,monthly,2024-06-01
u_744,US,monthly,2023-06-01
u_745,EU,annual,2023-05-01
u_746,US,annual,2023-09-01
u_747,EU,monthly,2023-08-01
u_748,EU,monthly,2024-03-01
u_749,US,monthly,2024-03-01
u_750,EU,annual,2023-07-01
u_751,EU,annual,2024-05-01
u_752,EU,monthly,2023-12-01
u_753,US,monthly,2023-07-01
u_754,US,monthly,2024-06-01
u_755,EU,trial,2023-06-01
u_756,EU,monthly,2023-10-01
u_757,US,monthly,2023-08-01
u_758,US,monthly,2023-06-01
u_759,LATAM,monthly,2023-01-01
u_760,EU,trial,2024-02-01
u_761,US,annual,2023-10-01
u_762,LATAM,annual,2023-08-01
u_763,EU,monthly,2023-11-01
u_764,US,monthly,2023-01-01
u_765,US,trial,2023-03-01
u_766,EU,monthly,2024-05-01
u_767,US,trial,2023-01-01
u_768,US,annual,2023-10-01
u_769,US,monthly,2024-05-01
u_770,US,annual,2023-08-01
u_771,US,monthly,2023-11-01
u_772,US,monthly,2024-03-01
u_773,US,trial,2024-03-01
u_774,US,monthly,2023-06-01
u_775,US,monthly,2024-06-01
u_776,US,monthly,2023-07-01
u_777,US,monthly,2023-06-01
u_778,EU,trial,2023-07-01
u_779,LATAM,monthly,2024-02-01
u_780,EU,trial,2023-08-01
u_781,US,monthly,2023-06-01
u_782,LATAM,trial,2023-03-01
u_783,US,monthly,2024-05-01
u_784,LATAM,monthly,2024-02-01
u_785,EU,annual,2024-01-01
u_786,US,monthly,2024-02-01
u_787,US,monthly,2023-01-01
u_788,US,monthly,2024-01-01
u_789,US,trial,2023-07-01
u_790,US,monthly,2023-06-01
u_791,US,monthly,2024-02-01
u_792,US,monthly,2023-03-01
u_793,US,annual,2024-05-01
u_794,US,monthly,2024-01-01
u_795,LATAM,trial,2023-04-01
u_796,LATAM,monthly,2023-06-01
u_797,US,monthly,2024-01-01
u_798,US,annual,2023-09-01
u_799,LATAM,monthly,2023-06-01
u_800,US,annual,2023-05-01
u_801,EU,monthly,2023-07-01
u_802,EU,monthly,2023-01-01
u_803,EU,annual,2024-02-01
u_804,US,monthly,2023-04-01
u_805,EU,monthly,2024-03-01
u_806,LATAM,monthly,2024-04-01
u_807,EU,monthly,2023-01-01
u_808,LATAM,trial,2023-10-01
u_809,US,monthly,2023-09-01
u_810,US,monthly,2024-01-01
u_811,US,trial,2023-07-01
u_812,US,annual,2024-03-01
u_813,US,monthly,2024-05-01
u_814,US,monthly,2023-02-01
u_815,LATAM,trial,2023-04-01
u_816,US,annual,2023-08-01
u_817,EU,monthly,2023-01-01
u_818,EU,monthly,2023-11-01
u_819,EU,trial,2023-12-01
u_820,US,trial,2023-02-01
u_821,LATAM,monthly,2023-12-01
u_822,US,monthly,2024-03-01
u_823,LATAM,trial,2023-08-01
u_824,EU,monthly,2024-06-01
u_825,US,monthly,2023-03-01
u_826,EU,trial,2024-01-01
u_827,EU,monthly,2023-06-01
u_828,LATAM,trial,2023-05-01
u_829,US,monthly,2023-05-01
u_830,US,monthly,2023-12-01
u_831,LATAM,trial,2024-03-01
u_832,US,annual,2023-11-01
u_833,EU,monthly,2023-01-01
u_834,US,trial,2024-04-01
u_835,LATAM,monthly,2023-10-01
u_836,LATAM,monthly,2023-11-01
u_837,LATAM,monthly,2023-09-01
u_838,US,trial,2023-03-01
u_839,EU,trial,2024-02-01
u_840,US,monthly,2023-05-01
u_841,EU,monthly,2023-05-01
u_842,US,annual,2023-09-01
u_843,US,monthly,2023-02-01
u_844,EU,monthly,2023-03-01
u_845,US,monthly,2024-05-01
u_846,US,annual,2024-03-01
u_847,US,monthly,2023-08-01
u_848,LATAM,monthly,2023-06-01
u_849,US,trial,2023-04-01
u_850,LATAM,annual,2023-08-01
u_851,LATAM,monthly,2024-06-01
u_852,LATAM,monthly,2024-06-01
u_853,LATAM,trial,2023-11-01
u_854,EU,annual,2023-05-01
u_855,US,monthly,2023-01-01
u_856,US,monthly,2023-08-01
u_857,US,monthly,2023-04-01
u_858,US,monthly,2024-03-01
u_859,US,trial,2023-09-01
u_860,US,trial,2024-06-01
u_861,EU,monthly,2023-05-01
u_862,US,monthly,2023-07-01
u_863,US,monthly,2023-04-01
u_864,EU,trial,2023-03-01
u_865,EU,annual,2023-08-01
u_866,EU,annual,2023-08-01
u_867,EU,trial,2023-01-01
u_868,EU,monthly,2024-02-01
u_869,US,trial,2023-04-01
u_870,EU,trial,2023-06-01
u_871,US,monthly,2024-03-01
u_872,EU,annual,2023-09-01
u_873,US,trial,2023-09-01
u_874,EU,trial,2023-10-01
u_875,US,annual,2023-09-01
u_876,EU,monthly,2023-02-01
u_877,EU,trial,2024-03-01
u_878,US,annual,2024-02-01
u_879,US,monthly,2023-08-01
u_880,LATAM,monthly,2024-02-01
u_881,LATAM,annual,2023-05-01
u_882,LATAM,monthly,2024-04-01
u_883,EU,monthly,2023-07-01
u_884,LATAM,monthly,2023-12-01
u_885,EU,monthly,2024-05-01
u_886,US,monthly,2024-03-01
u_887,LATAM,monthly,2023-05-01
u_888,US,monthly,2023-04-01
u_889,US,annual,2023-07-01
u_890,US,trial,2023-08-01
u_891,US,monthly,2023-05-01
u_892,US,monthly,2023-01-01
u_893,US,monthly,2023-10-01
u_894,US,annual,2023-09-01
u_895,EU,trial,2024-04-01
u_896,EU,monthly,2023-01-01
u_897,US,monthly,2023-08-01
u_898,US,monthly,2024-01-01
u_899,EU,monthly,2023-09-01
u_900,EU,monthly,2024-03-01
u_901,US,monthly,2024-03-01
u_902,LATAM,annual,2024-03-01
u_903,US,monthly,2023-04-01
u_904,US,monthly,2023-10-01
u_905,US,annual,2023-06-01
u_906,LATAM,monthly,2023-10-01
u_907,US,annual,2023-03-01
u_908,US,monthly,2023-07-01
u_909,EU,annual,2023-02-01
u_910,US,annual,2023-08-01
u_911,US,monthly,2024-01-01
u_912,US,monthly,2023-03-01
u_913,LATAM,monthly,2023-02-01
u_914,LATAM,monthly,2024-05-01
u_915,EU,trial,2024-01-01
u_916,EU,monthly,2023-06-01
u_917,EU,monthly,2023-09-01
u_918,US,monthly,2024-03-01
u_919,US,trial,2024-03-01
u_920,LATAM,monthly,2023-05-01
u_921,US,monthly,2024-03-01
u_922,US,annual,2023-07-01
u_923,US,annual,2024-05-01
u_924,EU,annual,2023-09-01
u_925,EU,annual,2023-03-01
u_926,US,trial,2023-09-01
u_927,EU,monthly,2024-03-01
u_928,LATAM,monthly,2023-08-01
u_929,LATAM,annual,2023-07-01
u_930,LATAM,monthly,2023-03-01
u_931,US,monthly,2023-11-01
u_932,EU,monthly,2023-11-01
u_933,US,annual,2024-02-01
u_934,EU,monthly,2024-03-01
u_935,US,monthly,2024-05-01
u_936,LATAM,annual,2023-09-01
u_937,US,monthly,2023-02-01
u_938,EU,monthly,2023-03-01
u_939,EU,monthly,2024-02-01
u_940,US,annual,2024-02-01
u_941,US,monthly,2024-06-01
u_942,US,annual,2023-09-01
u_943,EU,monthly,2023-08-01
u_944,US,trial,2023-02-01
u_945,LATAM,monthly,2024-03-01
u_946,LATAM,trial,2023-05-01
u_947,EU,trial,2024-06-01
u_948,US,monthly,2023-10-01
u_949,EU,annual,2024-01-01
u_950,US,monthly,2023-03-01
u_951,LATAM,annual,2024-01-01
u_952,US,monthly,2023-07-01
u_953,EU,monthly,2023-01-01
u_954,US,monthly,2023-12-01
u_955,EU,monthly,2023-09-01
u_956,EU,monthly,2024-03-01
u_957,LATAM,monthly,2024-06-01
u_958,US,monthly,2024-06-01
u_959,EU,annual,2023-08-01
u_960,US,monthly,2023-11-01
u_961,LATAM,monthly,2023-09-01
u_962,EU,annual,2023-05-01
u_963,US,annual,2023-02-01
u_964,US,monthly,2024-04-01
u_965,EU,monthly,2023-02-01
u_966,US,trial,2024-05-01
u_967,US,monthly,2023-10-01
u_968,US,monthly,2023-04-01
u_969,US,monthly,2024-01-01
u_970,US,trial,2023-02-01
u_971,LATAM,monthly,2023-06-01
u_972,LATAM,monthly,2023-09-01
u_973,US,annual,2023-01-01
u_974,US,monthly,2023-02-01
u_975,US,annual,2023-08-01
u_976,LATAM,monthly,2024-06-01
u_977,US,trial,2023-10-01
u_978,US,annual,2023-11-01
u_979,EU,annual,2023-10-01
u_980,US,trial,2023-06-01
u_981,US,trial,2023-02-01
u_982,US,monthly,2024-05-01
u_983,US,monthly,2023-07-01
u_984,US,annual,2023-04-01
u_985,US,annual,2024-02-01
u_986,US,trial,2023-09-01
u_987,LATAM,monthly,2024-04-01
u_988,LATAM,monthly,2024-02-01
u_989,EU,monthly,2023-11-01
u_990,US,monthly,2023-08-01
u_991,EU,annual,2023-03-01
u_992,US,annual,2023-04-01
u_993,EU,monthly,2023-08-01
u_994,US,monthly,2024-05-01
u_995,US,trial,2023-02-01
u_996,US,monthly,2023-06-01
u_997,US,monthly,2024-02-01
u_998,US,trial,2023-03-01
u_999,EU,monthly,2023-12-01
u_1000,EU,trial,2024-04-01
u_1001,LATAM,monthly,2024-01-01
u_1002,US,annual,2024-04-01
u_1003,US,trial,2023-02-01
u_1004,US,monthly,2024-03-01
u_1005,US,monthly,2023-08-01
u_1006,US,trial,2023-02-01
u_1007,EU,annual,2023-07-01
u_1008,US,annual,2024-06-01
u_1009,US,monthly,2023-10-01
u_1010,EU,monthly,2023-03-01
u_1011,US,monthly,2024-04-01
u_1012,US,monthly,2024-05-01
u_1013,US,annual,2023-06-01
u_1014,LATAM,monthly,2023-04-01
u_1015,EU,monthly,2023-08-01
u_1016,US,monthly,2024-06-01
u_1017,US,monthly,2024-04-01
u_1018,US,monthly,2023-05-01
u_1019,LATAM,monthly,2023-07-01
u_1020,US,annual,2023-10-01
u_1021,EU,monthly,2023-08-01
u_1022,US,monthly,2023-08-01
u_1023,LATAM,monthly,2024-04-01
u_1024,EU,trial,2023-07-01
u_1025,LATAM,monthly,2024-04-01
u_1026,EU,annual,2023-02-01
u_1027,US,annual,2023-02-01
u_1028,LATAM,annual,2024-05-01
u_1029,US,monthly,2023-03-01
u_1030,US,monthly,2023-04-01
u_1031,EU,monthly,2023-06-01
u_1032,EU,trial,2023-07-01
u_1033,US,monthly,2023-07-01
u_1034,EU,trial,2023-08-01
u_1035,LATAM,monthly,2024-05-01
u_1036,EU,monthly,2023-12-01
u_1037,LATAM,monthly,2024-04-01
u_1038,LATAM,monthly,2023-04-01
u_1039,US,annual,2023-10-01
u_1040,US,monthly,2024-06-01
u_1041,EU,monthly,2024-05-01
u_1042,EU,monthly,2024-04-01
u_1043,US,annual,2023-12-01
u_1044,EU,monthly,2023-10-01
u_1045,US,trial,2023-03-01
u_1046,US,monthly,2023-11-01
u_1047,US,monthly,2023-02-01
u_1048,EU,monthly,2023-01-01
u_1049,US,annual,2023-10-01
u_1050,US,monthly,2023-10-01
u_1051,US,monthly,2023-08-01
u_1052,US,monthly,2023-07-01
u_1053,LATAM,monthly,2024-02-01
u_1054,US,monthly,2024-02-01
u_1055,LATAM,monthly,2023-09-01
u_1056,EU,monthly,2023-11-01
u_1057,US,annual,2023-03-01
u_1058,US,annual,2023-09-01
u_1059,LATAM,monthly,2024-06-01
u_1060,EU,monthly,2024-03-01
u_1061,EU,monthly,2023-10-01
u_1062,EU,monthly,2023-06-01
u_1063,US,monthly,2023-03-01
u_1064,US,monthly,2023-02-01
u_1065,EU,trial,2023-09-01
u_1066,US,monthly,2023-06-01
u_1067,US,monthly,2023-10-01
u_1068,LATAM,monthly,2023-11-01
u_1069,EU,annual,2023-12-01
u_1070,US,monthly,2023-04-01
u_1071,LATAM,monthly,2023-09-01
u_1072,US,monthly,2023-05-01
u_1073,US,monthly,2023-05-01
u_1074,US,monthly,2023-01-01
u_1075,US,trial,2023-05-01
u_1076,EU,monthly,2023-03-01
u_1077,EU,annual,2023-06-01
u_1078,US,trial,2024-02-01
u_1079,EU,trial,2023-06-01
u_1080,US,monthly,2024-05-01
u_1081,US,monthly,2023-05-01
u_1082,US,monthly,2023-05-01
u_1083,US,annual,2023-03-01
u_1084,LATAM,monthly,2023-02-01
u_1085,EU,monthly,2023-01-01
u_1086,EU,monthly,2023-01-01
u_1087,US,annual,2023-08-01
u_1088,LATAM,annual,2023-11-01
u_1089,EU,trial,2023-06-01
u_1090,US,monthly,2023-10-01
u_1091,EU,monthly,2024-04-01
u_1092,LATAM,monthly,2023-04-01
u_1093,US,monthly,2024-06-01
u_1094,US,trial,2024-01-01
u_1095,US,monthly,2024-03-01
u_1096,EU,trial,2023-11-01
u_1097,LATAM,monthly,2023-02-01
u_1098,US,monthly,2024-03-01
u_1099,US,monthly,2023-01-01
u_1100,LATAM,annual,2023-03-01
u_1101,LATAM,monthly,2023-01-01
u_1102,US,monthly,2023-08-01
u_1103,EU,monthly,2023-08-01
u_1104,LATAM,monthly,2023-10-01
u_1105,US,trial,2024-01-01
u_1106,US,monthly,2024-02-01
u_1107,US,trial,2023-12-01
u_1108,LATAM,monthly,2024-03-01
u_1109,US,trial,2024-01-01
u_1110,US,monthly,2024-06-01
u_1111,US,annual,2023-06-01
u_1112,LATAM,trial,2023-06-01
u_1113,US,trial,2023-11-01
u_1114,LATAM,annual,2023-05-01
u_1115,US,monthly,2024-03-01
u_1116,US,monthly,2023-10-01
u_1117,US,monthly,2023-04-01
u_1118,EU,monthly,2023-03-01
u_1119,US,trial,2024-03-01
u_1120,LATAM,monthly,2023-01-01
u_1121,LATAM,monthly,2023-05-01
u_1122,US,monthly,2023-12-01
u_1123,US,trial,2023-06-01
u_1124,US,monthly,2024-03-01
u_1125,EU,monthly,2023-08-01
u_1126,LATAM,trial,2023-06-01
u_1127,US,monthly,2023-10-01
u_1128,EU,monthly,2024-04-01
u_1129,US,trial,2023-07-01
u_1130,US,monthly,2024-02-01
u_1131,EU,annual,2023-01-01
u_1132,LATAM,annual,2024-06-01
u_1133,US,monthly,2024-03-01
u_1134,EU,monthly,2024-05-01
u_1135,EU,monthly,2023-12-01
u_1136,US,monthly,2024-02-01
u_1137,EU,trial,2023-03-01
u_1138,US,monthly,2024-01-01
u_1139,US,monthly,2023-04-01
u_1140,EU,monthly,2023-10-01
u_1141,EU,monthly,2023-08-01
u_1142,LATAM,monthly,2024-04-01
u_1143,US,monthly,2024-04-01
u_1144,LATAM,monthly,2024-05-01
u_1145,US,monthly,2024-04-01
u_1146,EU,trial,2024-05-01
u_1147,LATAM,trial,2024-05-01
u_1148,LATAM,monthly,2023-01-01
u_1149,LATAM,monthly,2023-06-01
u_1150,US,monthly,2023-09-01
u_1151,EU,annual,2024-04-01
u_1152,EU,monthly,2023-05-01
u_1153,US,monthly,2023-05-01
u_1154,US,annual,2023-09-01
u_1155,US,monthly,2023-01-01
u_1156,LATAM,monthly,2024-04-01
u_1157,US,monthly,2023-09-01
u_1158,US,monthly,2023-12-01
u_1159,US,monthly,2024-03-01
u_1160,EU,monthly,2023-07-01
u_1161,EU,annual,2023-01-01
u_1162,EU,monthly,2023-10-01
u_1163,EU,annual,2023-11-01
u_1164,US,monthly,2023-04-01
u_1165,US,monthly,2024-02-01
u_1166,US,monthly,2023-12-01
u_1167,US,monthly,2024-01-01
u_1168,LATAM,trial,2023-10-01
u_1169,LATAM,monthly,2023-10-01
u_1170,US,monthly,2023-05-01
u_1171,EU,monthly,2024-06-01
u_1172,US,monthly,2024-03-01
u_1173,LATAM,annual,2024-04-01
u_1174,EU,annual,2023-10-01
u_1175,LATAM,monthly,2023-09-01
u_1176,US,monthly,2023-02-01
u_1177,US,monthly,2023-04-01
u_1178,US,monthly,2023-10-01
u_1179,US,trial,2023-08-01
u_1180,EU,monthly,2023-08-01
u_1181,US,trial,2023-10-01
u_1182,US,annual,2023-07-01
u_1183,US,monthly,2023-06-01
u_1184,US,annual,2023-04-01
u_1185,EU,trial,2023-03-01
u_1186,US,monthly,2024-04-01
u_1187,US,annual,2023-01-01
u_1188,US,annual,2023-02-01
u_1189,LATAM,monthly,2023-04-01
u_1190,LATAM,monthly,2023-04-01
u_1191,US,monthly,2023-05-01
u_1192,EU,annual,2023-09-01
u_1193,US,monthly,2023-09-01
u_1194,EU,annual,2023-04-01
u_1195,LATAM,monthly,2023-01-01
u_1196,US,monthly,2023-10-01
u_1197,LATAM,monthly,2024-05-01
u_1198,EU,annual,2023-06-01
u_1199,US,monthly,2023-04-01
u_1200,US,monthly,2023-08-01
u_1201,LATAM,monthly,2023-01-01
u_1202,EU,annual,2024-05-01
u_1203,US,monthly,2023-07-01
u_1204,EU,trial,2023-05-01
u_1205,LATAM,trial,2023-02-01
u_1206,EU,annual,2023-05-01
u_1207,US,monthly,2023-05-01
u_1208,US,annual,2024-04-01
u_1209,US,monthly,2024-05-01
u_1210,LATAM,monthly,2024-06-01
u_1211,US,monthly,2023-08-01
u_1212,US,monthly,2023-12-01
u_1213,US,trial,2024-05-01
u_1214,EU,trial,2023-01-01
u_1215,US,annual,2024-02-01
u_1216,US,annual,2023-02-01
u_1217,US,annual,2024-05-01
u_1218,US,annual,2023-11-01
u_1219,US,monthly,2023-10-01
u_1220,EU,trial,2024-05-01
u_1221,US,monthly,2023-12-01
u_1222,US,monthly,2023-10-01
u_1223,EU,monthly,2023-03-01
u_1224,US,monthly,2023-12-01
u_1225,LATAM,trial,2024-02-01
u_1226,US,monthly,2023-06-01
u_1227,EU,monthly,2024-06-01
u_1228,US,monthly,2023-07-01
u_1229,EU,trial,2024-03-01
u_1230,US,annual,2023-11-01
u_1231,US,trial,2023-06-01
u_1232,US,trial,2023-02-01
u_1233,EU,monthly,2024-03-01
u_1234,EU,monthly,2023-01-01
u_1235,US,monthly,2023-11-01
u_1236,US,trial,2024-04-01
u_1237,US,monthly,2023-09-01
u_1238,EU,annual,2024-01-01
u_1239,LATAM,monthly,2023-06-01
u_1240,LATAM,monthly,2024-04-01
u_1241,US,monthly,2023-05-01
u_1242,US,monthly,2024-01-01
u_1243,US,monthly,2023-02-01
u_1244,EU,annual,2023-10-01
u_1245,LATAM,monthly,2024-04-01
u_1246,US,annual,2023-03-01
u_1247,US,monthly,2024-05-01
u_1248,US,annual,2024-05-01
u_1249,US,monthly,2023-10-01
u_1250,US,annual,2023-11-01
u_1251,LATAM,trial,2023-05-01
u_1252,US,monthly,2023-01-01
u_1253,EU,annual,2023-03-01
u_1254,EU,annual,2024-04-01
u_1255,US,trial,2024-01-01
u_1256,EU,monthly,2024-06-01
u_1257,LATAM,monthly,2023-05-01
u_1258,EU,trial,2023-07-01
u_1259,EU,monthly,2023-06-01
u_1260,EU,monthly,2024-01-01
u_1261,US,trial,2024-06-01
u_1262,US,trial,2023-05-01
u_1263,LATAM,monthly,2023-04-01
u_1264,US,annual,2024-03-01
u_1265,LATAM,annual,2023-09-01
u_1266,US,trial,2023-05-01
u_1267,LATAM,annual,2023-04-01
u_1268,EU,monthly,2024-02-01
u_1269,EU,monthly,2023-11-01
u_1270,US,annual,2023-09-01
u_1271,EU,monthly,2024-01-01
u_1272,EU,trial,2023-01-01
u_1273,US,monthly,2024-05-01
u_1274,US,monthly,2024-05-01
u_1275,LATAM,monthly,2023-02-01
u_1276,US,monthly,2023-05-01
u_1277,LATAM,monthly,2024-04-01
u_1278,US,monthly,2023-01-01
u_1279,US,monthly,2023-01-01
u_1280,EU,trial,2023-04-01
u_1281,LATAM,trial,2023-12-01
u_1282,US,annual,2023-01-01
u_1283,US,trial,2023-08-01
u_1284,LATAM,trial,2023-11-01
u_1285,EU,annual,2023-09-01
u_1286,EU,annual,2023-04-01
u_1287,EU,monthly,2023-01-01
u_1288,US,trial,2023-05-01
u_1289,US,annual,2023-02-01
u_1290,US,monthly,2023-09-01
u_1291,EU,monthly,2024-04-01
u_1292,US,monthly,2023-10-01
u_1293,EU,monthly,2023-01-01
u_1294,LATAM,monthly,2023-03-01
u_1295,EU,monthly,2023-09-01
u_1296,US,monthly,2023-07-01
u_1297,LATAM,monthly,2023-09-01
u_1298,US,trial,2023-07-01
u_1299,LATAM,monthly,2023-02-01
u_1300,LATAM,trial,2023-01-01
u_1301,EU,monthly,2023-10-01
u_1302,LATAM,monthly,2023-10-01
u_1303,US,trial,2023-02-01
u_1304,US,trial,2023-05-01
u_1305,LATAM,monthly,2023-12-01
u_1306,EU,annual,2023-12-01
u_1307,US,trial,2023-03-01
u_1308,EU,monthly,2023-12-01
u_1309,US,monthly,2024-02-01
u_1310,LATAM,monthly,2023-12-01
u_1311,EU,monthly,2023-01-01
u_1312,LATAM,monthly,2023-11-01
u_1313,LATAM,monthly,2023-11-01
u_1314,US,monthly,2023-12-01
u_1315,US,annual,2024-03-01
u_1316,US,annual,2024-02-01
u_1317,US,monthly,2024-01-01
u_1318,EU,monthly,2023-03-01
u_1319,US,monthly,2023-12-01
u_1320,EU,trial,2023-03-01
u_1321,EU,trial,2023-06-01
u_1322,EU,annual,2023-02-01
u_1323,US,trial,2023-10-01
u_1324,US,trial,2023-04-01
u_1325,EU,monthly,2024-02-01
u_1326,EU,monthly,2023-10-01
u_1327,US,trial,2023-08-01
u_1328,EU,monthly,2024-01-01
u_1329,US,annual,2023-01-01
u_1330,US,monthly,2023-02-01
u_1331,EU,trial,2024-02-01
u_1332,US,trial,2024-03-01
u_1333,EU,annual,2023-10-01
u_1334,EU,monthly,2024-02-01
u_1335,EU,annual,2024-01-01
u_1336,EU,monthly,2023-08-01
u_1337,LATAM,monthly,2023-12-01
u_1338,US,monthly,2023-04-01
u_1339,US,monthly,2023-10-01
u_1340,US,annual,2023-01-01
u_1341,EU,monthly,2024-02-01
u_1342,LATAM,trial,2023-12-01
u_1343,US,annual,2023-07-01
u_1344,US,annual,2023-06-01
u_1345,LATAM,monthly,2023-04-01
u_1346,EU,trial,2024-06-01
u_1347,US,monthly,2024-06-01
u_1348,US,annual,2023-07-01
u_1349,LATAM,trial,2023-06-01
u_1350,US,monthly,2023-04-01
u_1351,EU,monthly,2024-05-01
u_1352,LATAM,monthly,2023-05-01
u_1353,US,monthly,2023-11-01
u_1354,US,trial,2023-06-01
u_1355,US,monthly,2024-02-01
u_1356,US,annual,2023-10-01
u_1357,US,trial,2023-05-01
u_1358,US,monthly,2024-01-01
u_1359,LATAM,monthly,2023-07-01
u_1360,US,monthly,2023-04-01
u_1361,EU,monthly,2023-10-01
u_1362,US,monthly,2023-09-01
u_1363,EU,trial,2024-04-01
u_1364,US,annual,2023-03-01
u_1365,US,annual,2024-05-01
u_1366,US,trial,2023-11-01
u_1367,EU,annual,2023-08-01
u_1368,US,annual,2024-04-01
u_1369,LATAM,monthly,2023-04-01
u_1370,EU,trial,2023-03-01
u_1371,US,monthly,2023-04-01
u_1372,US,monthly,2023-09-01
u_1373,EU,monthly,2024-05-01
u_1374,EU,trial,2023-04-01
u_1375,EU,monthly,2023-11-01
u_1376,US,annual,2023-07-01
u_1377,EU,monthly,2024-06-01
u_1378,US,monthly,2023-01-01
u_1379,EU,monthly,2023-06-01
u_1380,LATAM,annual,2023-09-01
u_1381,EU,monthly,2024-01-01
u_1382,US,monthly,2024-04-01
u_1383,EU,monthly,2024-01-01
u_1384,EU,annual,2023-09-01
u_1385,US,trial,2023-08-01
u_1386,US,monthly,2024-01-01
u_1387,LATAM,monthly,2023-06-01
u_1388,US,annual,2024-03-01
u_1389,US,annual,2024-01-01
u_1390,EU,monthly,2024-05-01
u_1391,EU,monthly,2023-08-01
u_1392,LATAM,monthly,2023-09-01
u_1393,EU,monthly,2023-12-01
u_1394,US,trial,2023-08-01
u_1395,LATAM,monthly,2023-05-01
u_1396,LATAM,trial,2023-01-01
u_1397,EU,trial,2023-06-01
u_1398,EU,monthly,2023-03-01
u_1399,US,monthly,2023-03-01
u_1400,US,trial,2024-04-01
u_1401,LATAM,annual,2023-12-01
u_1402,US,monthly,2023-12-01
u_1403,EU,monthly,2023-09-01
u_1404,EU,monthly,2024-04-01
u_1405,LATAM,monthly,2023-08-01
u_1406,US,monthly,2024-05-01
u_1407,US,monthly,2023-11-01
u_1408,US,annual,2023-12-01
u_1409,US,monthly,2023-11-01
u_1410,EU,monthly,2024-05-01
u_1411,LATAM,monthly,2024-05-01
u_1412,EU,monthly,2023-11-01
u_1413,US,monthly,2024-04-01
u_1414,LATAM,trial,2023-03-01
u_1415,EU,monthly,2023-12-01
u_1416,US,trial,2023-09-01
u_1417,EU,trial,2023-03-01
u_1418,LATAM,monthly,2023-07-01
u_1419,US,annual,2023-02-01
u_1420,US,monthly,2024-06-01
u_1421,LATAM,monthly,2023-08-01
u_1422,US,annual,2023-06-01
u_1423,EU,monthly,2024-05-01
u_1424,EU,monthly,2023-07-01
u_1425,LATAM,annual,2024-05-01
u_1426,US,annual,2024-01-01
u_1427,US,annual,2023-05-01
u_1428,US,monthly,2023-05-01
u_1429,US,annual,2023-06-01
u_1430,EU,monthly,2023-08-01
u_1431,US,annual,2023-02-01
u_1432,EU,annual,2023-11-01
u_1433,US,trial,2024-01-01
u_1434,LATAM,trial,2024-03-01
u_1435,LATAM,monthly,2023-12-01
u_1436,US,monthly,2023-09-01
u_1437,US,monthly,2023-04-01
u_1438,LATAM,monthly,2023-12-01
u_1439,EU,monthly,2024-04-01
u_1440,EU,monthly,2023-01-01
u_1441,EU,monthly,2023-12-01
u_1442,LATAM,trial,2023-08-01
u_1443,LATAM,trial,2023-09-01
u_1444,EU,monthly,2023-11-01
u_1445,US,annual,2023-03-01
u_1446,US,monthly,2023-11-01
u_1447,US,monthly,2024-05-01
u_1448,EU,annual,2024-02-01
u_1449,EU,monthly,2023-07-01
u_1450,US,monthly,2024-04-01
u_1451,US,monthly,2023-12-01
u_1452,EU,annual,2023-10-01
u_1453,US,monthly,2023-12-01
u_1454,LATAM,monthly,2024-02-01
u_1455,US,annual,2023-04-01
u_1456,EU,monthly,2023-09-01
u_1457,US,annual,2024-01-01
u_1458,US,annual,2023-06-01
u_1459,US,monthly,2023-10-01
u_1460,US,monthly,2024-02-01
u_1461,US,monthly,2024-02-01
u_1462,US,monthly,2023-07-01
u_1463,EU,trial,2024-02-01
u_1464,US,trial,2024-06-01
u_1465,US,monthly,2023-06-01
u_1466,LATAM,monthly,2024-03-01
u_1467,EU,monthly,2024-05-01
u_1468,LATAM,monthly,2024-06-01
u_1469,EU,monthly,2023-07-01
u_1470,EU,monthly,2023-05-01
u_1471,EU,trial,2023-06-01
u_1472,US,monthly,2024-04-01
u_1473,LATAM,monthly,2023-03-01
u_1474,US,monthly,2024-03-01
u_1475,US,monthly,2024-01-01
u_1476,US,monthly,2023-09-01
u_1477,EU,trial,2023-09-01
u_1478,EU,monthly,2023-02-01
u_1479,US,monthly,2023-10-01
u_1480,EU,annual,2023-05-01
u_1481,EU,monthly,2024-06-01
u_1482,US,trial,2024-01-01
u_1483,US,monthly,2024-02-01
u_1484,EU,monthly,2024-01-01
u_1485,US,monthly,2023-03-01
u_1486,US,monthly,2023-11-01
u_1487,EU,monthly,2023-02-01
u_1488,LATAM,trial,2023-08-01
u_1489,LATAM,annual,2024-03-01
u_1490,LATAM,trial,2023-03-01
u_1491,LATAM,annual,2023-02-01
u_1492,US,monthly,2024-02-01
u_1493,US,monthly,2023-08-01
u_1494,EU,trial,2023-03-01
u_1495,LATAM,monthly,2023-01-01
u_1496,US,monthly,2024-04-01
u_1497,US,trial,2023-10-01
u_1498,US,annual,2024-01-01
u_1499,EU,monthly,2024-06-01
u_1500,EU,monthly,2023-09-01
u_1501,EU,annual,2023-01-01
u_1502,EU,monthly,2023-02-01
u_1503,US,monthly,2023-06-01
u_1504,EU,trial,2023-05-01
u_1505,EU,monthly,2023-05-01
u_1506,EU,annual,2024-03-01
u_1507,US,monthly,2023-12-01
u_1508,US,annual,2023-11-01
u_1509,LATAM,trial,2023-10-01
u_1510,EU,monthly,2023-09-01
u_1511,EU,trial,2024-06-01
u_1512,EU,monthly,2023-11-01
u_1513,EU,monthly,2023-07-01
u_1514,LATAM,trial,2024-06-01
u_1515,US,annual,2023-02-01
u_1516,US,monthly,2024-06-01
u_1517,US,annual,2024-04-01
u_1518,US,monthly,2024-05-01
u_1519,US,monthly,2023-11-01
u_1520,LATAM,monthly,2023-03-01
u_1521,US,monthly,2024-05-01
u_1522,LATAM,annual,2024-04-01
u_1523,US,annual,2023-12-01
u_1524,LATAM,trial,2024-03-01
u_1525,LATAM,monthly,2023-07-01
u_1526,EU,monthly,2023-01-01
u_1527,US,monthly,2024-04-01
u_1528,US,monthly,2024-05-01
u_1529,US,monthly,2023-08-01
u_1530,EU,monthly,2024-06-01
u_1531,US,monthly,2024-06-01
u_1532,EU,annual,2024-05-01
u_1533,US,monthly,2024-03-01
u_1534,US,trial,2023-01-01
u_1535,EU,monthly,2023-12-01
u_1536,EU,monthly,2023-12-01
u_1537,EU,annual,2023-10-01
u_1538,US,monthly,2023-06-01
u_1539,US,monthly,2023-11-01
u_1540,LATAM,annual,2023-01-01
u_1541,US,monthly,2023-02-01
u_1542,US,annual,2023-10-01
u_1543,EU,trial,2023-06-01
u_1544,US,monthly,2023-06-01
u_1545,US,monthly,2023-04-01
u_1546,EU,monthly,2023-12-01
u_1547,LATAM,monthly,2024-02-01
u_1548,US,monthly,2023-07-01
u_1549,EU,monthly,2024-02-01
u_1550,EU,monthly,2023-11-01
u_1551,US,monthly,2024-03-01
u_1552,LATAM,monthly,2023-07-01
u_1553,US,annual,2023-03-01
u_1554,LATAM,monthly,2023-08-01
u_1555,EU,monthly,2024-04-01
u_1556,LATAM,monthly,2024-04-01
u_1557,US,monthly,2023-01-01
u_1558,US,annual,2023-03-01
u_1559,LATAM,annual,2023-08-01
u_1560,US,monthly,2023-08-01
u_1561,US,annual,2023-07-01
u_1562,US,monthly,2023-09-01
u_1563,US,trial,2023-11-01
u_1564,EU,monthly,2023-01-01
u_1565,EU,monthly,2023-10-01
u_1566,EU,monthly,2023-10-01
u_1567,EU,monthly,2023-05-01
u_1568,US,annual,2023-12-01
u_1569,LATAM,monthly,2023-04-01
u_1570,EU,trial,2023-01-01
u_1571,LATAM,monthly,2023-02-01
u_1572,US,annual,2024-02-01
u_1573,EU,annual,2023-07-01
u_1574,US,annual,2023-06-01
u_1575,EU,monthly,2023-06-01
u_1576,EU,monthly,2023-04-01
u_1577,US,monthly,2023-09-01
u_1578,US,monthly,2023-03-01
u_1579,LATAM,annual,2023-03-01
u_1580,LATAM,monthly,2023-02-01
u_1581,EU,annual,2024-06-01
u_1582,EU,trial,2024-05-01
u_1583,US,monthly,2023-08-01
u_1584,US,monthly,2023-07-01
u_1585,EU,monthly,2023-04-01
u_1586,EU,monthly,2023-06-01
u_1587,LATAM,monthly,2024-05-01
u_1588,US,annual,2023-03-01
u_1589,US,monthly,2023-05-01
u_1590,US,annual,2024-06-01
u_1591,US,monthly,2023-06-01
u_1592,EU,annual,2024-02-01
u_1593,EU,monthly,2023-03-01
u_1594,EU,monthly,2024-04-01
u_1595,LATAM,trial,2023-11-01
u_1596,EU,monthly,2024-05-01
u_1597,US,trial,2024-01-01
u_1598,US,annual,2024-02-01
u_1599,US,monthly,2024-01-01
u_1600,EU,monthly,2023-04-01
u_1601,EU,monthly,2024-06-01
u_1602,US,trial,2023-09-01
u_1603,US,annual,2023-02-01
u_1604,US,monthly,2023-03-01
u_1605,US,monthly,2024-05-01
u_1606,US,monthly,2024-06-01
u_1607,US,monthly,2024-02-01
u_1608,LATAM,annual,2023-07-01
u_1609,US,annual,2023-01-01
u_1610,US,monthly,2024-02-01
u_1611,LATAM,monthly,2023-02-01
u_1612,EU,trial,2024-04-01
u_1613,US,monthly,2023-12-01
u_1614,EU,annual,2024-01-01
u_1615,EU,monthly,2023-12-01
u_1616,US,trial,2023-02-01
u_1617,US,trial,2023-04-01
u_1618,US,monthly,2023-09-01
u_1619,EU,trial,2023-07-01
u_1620,US,annual,2023-03-01
u_1621,LATAM,monthly,2024-04-01
u_1622,EU,monthly,2024-05-01
u_1623,US,monthly,2024-03-01
u_1624,US,monthly,2023-06-01
u_1625,US,monthly,2024-01-01
u_1626,LATAM,monthly,2024-06-01
u_1627,US,annual,2024-03-01
u_1628,US,monthly,2023-02-01
u_1629,US,monthly,2024-03-01
u_1630,US,monthly,2023-02-01
u_1631,US,monthly,2023-06-01
u_1632,EU,annual,2023-02-01
u_1633,US,trial,2023-10-01
u_1634,US,annual,2023-03-01
u_1635,US,monthly,2023-10-01
u_1636,LATAM,monthly,2024-05-01
u_1637,EU,trial,2024-01-01
u_1638,LATAM,annual,2023-11-01
u_1639,US,trial,2024-04-01
u_1640,US,monthly,2023-05-01
u_1641,EU,monthly,2023-07-01
u_1642,US,monthly,2024-01-01
u_1643,US,trial,2023-01-01
u_1644,US,monthly,2023-05-01
u_1645,US,monthly,2023-08-01
u_1646,LATAM,annual,2024-05-01
u_1647,LATAM,trial,2023-08-01
u_1648,EU,trial,2024-02-01
u_1649,EU,monthly,2023-11-01
u_1650,LATAM,monthly,2024-03-01
u_1651,US,monthly,2023-12-01
u_1652,US,monthly,2024-03-01
u_1653,US,monthly,2023-10-01
u_1654,US,annual,2023-02-01
u_1655,LATAM,monthly,2023-08-01
u_1656,US,monthly,2024-05-01
u_1657,LATAM,monthly,2023-04-01
u_1658,US,monthly,2024-01-01
u_1659,US,trial,2023-04-01
u_1660,EU,monthly,2023-11-01
u_1661,EU,monthly,2023-04-01
u_1662,EU,monthly,2023-04-01
u_1663,US,monthly,2023-10-01
u_1664,US,monthly,2023-07-01
u_1665,LATAM,monthly,2023-12-01
u_1666,US,monthly,2023-09-01
u_1667,US,monthly,2024-06-01
u_1668,US,monthly,2023-11-01
u_1669,US,monthly,2024-06-01
u_1670,US,monthly,2023-04-01
u_1671,EU,monthly,2023-04-01
u_1672,EU,monthly,2023-10-01
u_1673,LATAM,monthly,2023-01-01
u_1674,US,monthly,2023-03-01
u_1675,LATAM,annual,2023-02-01
u_1676,US,trial,2024-04-01
u_1677,EU,monthly,2024-06-01
u_1678,US,monthly,2023-12-01
u_1679,EU,trial,2024-01-01
u_1680,LATAM,monthly,2024-04-01
u_1681,EU,monthly,2023-11-01
u_1682,US,annual,2023-02-01
u_1683,US,monthly,2023-06-01
u_1684,US,monthly,2023-01-01
u_1685,US,monthly,2023-08-01
u_1686,US,annual,2023-03-01
u_1687,EU,monthly,2023-07-01
u_1688,US,monthly,2023-07-01
u_1689,US,trial,2023-12-01
u_1690,US,monthly,2023-07-01
u_1691,LATAM,annual,2023-05-01
u_1692,LATAM,monthly,2024-01-01
u_1693,US,monthly,2024-06-01
u_1694,US,trial,2024-04-01
u_1695,US,monthly,2023-07-01
u_1696,EU,monthly,2023-07-01
u_1697,EU,monthly,2023-09-01
u_1698,US,trial,2024-06-01
u_1699,US,monthly,2024-06-01
u_1700,EU,monthly,2024-02-01
u_1701,EU,monthly,2023-06-01
u_1702,EU,monthly,2024-03-01
u_1703,US,monthly,2023-07-01
u_1704,EU,annual,2023-02-01
u_1705,EU,monthly,2023-09-01
u_1706,LATAM,trial,2023-09-01
u_1707,LATAM,annual,2023-06-01
u_1708,LATAM,trial,2023-05-01
u_1709,EU,trial,2023-03-01
u_1710,EU,monthly,2024-06-01
u_1711,EU,monthly,2024-02-01
u_1712,EU,trial,2024-04-01
u_1713,LATAM,monthly,2024-01-01
u_1714,EU,monthly,2023-04-01
u_1715,EU,annual,2023-08-01
u_1716,US,monthly,2023-01-01
u_1717,LATAM,trial,2024-03-01
u_1718,EU,trial,2023-06-01
u_1719,EU,monthly,2023-11-01
u_1720,EU,monthly,2023-08-01
u_1721,US,trial,2023-03-01
u_1722,EU,monthly,2023-11-01
u_1723,US,monthly,2024-01-01
u_1724,US,monthly,2023-08-01
u_1725,LATAM,annual,2023-09-01
u_1726,US,trial,2023-07-01
u_1727,EU,annual,2024-03-01
u_1728,LATAM,monthly,2024-03-01
u_1729,US,monthly,2024-05-01
u_1730,US,trial,2023-05-01
u_1731,US,monthly,2023-12-01
u_1732,US,monthly,2023-09-01
u_1733,US,annual,2024-02-01
u_1734,EU,trial,2023-04-01
u_1735,LATAM,trial,2023-10-01
u_1736,LATAM,monthly,2023-12-01
u_1737,US,monthly,2023-07-01
u_1738,US,monthly,2023-02-01
u_1739,EU,monthly,2023-05-01
u_1740,US,monthly,2023-07-01
u_1741,EU,monthly,2023-03-01
u_1742,US,annual,2024-05-01
u_1743,EU,monthly,2024-01-01
u_1744,LATAM,monthly,2023-07-01
u_1745,US,monthly,2023-08-01
u_1746,EU,monthly,2023-06-01
u_1747,US,trial,2023-11-01
u_1748,EU,trial,2023-07-01
u_1749,US,monthly,2023-06-01
u_1750,LATAM,monthly,2023-06-01
u_1751,LATAM,annual,2023-04-01
u_1752,US,annual,2023-09-01
u_1753,US,monthly,2023-11-01
u_1754,US,monthly,2023-07-01
u_1755,EU,monthly,2023-12-01
u_1756,EU,monthly,2023-01-01
u_1757,US,monthly,2024-05-01
u_1758,US,monthly,2024-03-01
u_1759,LATAM,trial,2023-08-01
u_1760,US,annual,2023-04-01
u_1761,US,monthly,2024-03-01
u_1762,US,trial,2023-12-01
u_1763,EU,trial,2023-08-01
u_1764,LATAM,monthly,2024-04-01
u_1765,US,monthly,2024-01-01
u_1766,US,monthly,2023-07-01
u_1767,LATAM,monthly,2023-03-01
u_1768,EU,annual,2023-10-01
u_1769,EU,trial,2023-12-01
u_1770,LATAM,monthly,2023-10-01
u_1771,US,trial,2024-01-01
u_1772,LATAM,monthly,2023-12-01
u_1773,US,annual,2023-02-01
u_1774,LATAM,annual,2024-02-01
u_1775,US,trial,2023-11-01
u_1776,US,monthly,2023-01-01
u_1777,US,monthly,2023-01-01
u_1778,EU,trial,2024-03-01
u_1779,LATAM,trial,2023-12-01
u_1780,EU,monthly,2023-02-01
u_1781,EU,monthly,2024-05-01
u_1782,LATAM,trial,2023-03-01
u_1783,US,monthly,2023-07-01
u_1784,LATAM,monthly,2023-05-01
u_1785,EU,trial,2023-09-01
u_1786,EU,monthly,2023-01-01
u_1787,LATAM,monthly,2024-06-01
u_1788,US,trial,2023-09-01
u_1789,US,monthly,2024-04-01
u_1790,US,monthly,2023-07-01
u_1791,LATAM,annual,2023-09-01
u_1792,LATAM,monthly,2024-04-01
u_1793,US,monthly,2024-04-01
u_1794,US,monthly,2023-05-01
u_1795,US,monthly,2024-03-01
u_1796,US,trial,2023-04-01
u_1797,US,annual,2023-01-01
u_1798,US,annual,2024-01-01
u_1799,US,monthly,2024-02-01
u_1800,US,trial,2024-06-01
u_1801,EU,monthly,2023-12-01
u_1802,US,trial,2024-03-01
u_1803,EU,trial,2023-07-01
u_1804,US,trial,2024-03-01
u_1805,EU,monthly,2024-06-01
u_1806,EU,trial,2023-01-01
u_1807,LATAM,monthly,2023-07-01
u_1808,EU,monthly,2023-08-01
u_1809,EU,monthly,2023-12-01
u_1810,LATAM,trial,2023-05-01
u_1811,LATAM,monthly,2024-06-01
u_1812,US,monthly,2023-01-01
u_1813,US,monthly,2024-01-01
u_1814,US,monthly,2023-07-01
u_1815,US,monthly,2023-08-01
u_1816,US,annual,2024-02-01
u_1817,LATAM,monthly,2024-03-01
u_1818,US,annual,2023-09-01
u_1819,EU,monthly,2023-03-01
u_1820,EU,annual,2023-07-01
u_1821,EU,monthly,2023-02-01
u_1822,EU,monthly,2024-03-01
u_1823,US,annual,2024-01-01
u_1824,EU,monthly,2023-09-01
u_1825,US,monthly,2024-04-01
u_1826,EU,monthly,2023-03-01
u_1827,US,trial,2023-08-01
u_1828,EU,monthly,2023-07-01
u_1829,US,monthly,2024-04-01
u_1830,US,monthly,2023-08-01
u_1831,US,monthly,2023-08-01
u_1832,US,annual,2024-02-01
u_1833,EU,annual,2023-05-01
u_1834,EU,annual,2023-12-01
u_1835,EU,annual,2023-10-01
u_1836,EU,monthly,2023-03-01
u_1837,EU,monthly,2023-04-01
u_1838,LATAM,monthly,2023-12-01
u_1839,EU,annual,2023-08-01
u_1840,EU,annual,2023-03-01
u_1841,US,monthly,2023-07-01
u_1842,US,trial,2023-09-01
u_1843,US,trial,2023-01-01
u_1844,EU,monthly,2023-08-01
u_1845,EU,monthly,2023-12-01
u_1846,US,monthly,2023-04-01
u_1847,LATAM,monthly,2023-12-01
u_1848,LATAM,monthly,2023-06-01
u_1849,US,monthly,2023-04-01
u_1850,US,monthly,2023-05-01
u_1851,LATAM,monthly,2023-01-01
u_1852,US,monthly,2023-11-01
u_1853,LATAM,annual,2023-06-01
u_1854,LATAM,monthly,2023-03-01
u_1855,LATAM,monthly,2023-04-01
u_1856,US,monthly,2024-05-01
u_1857,EU,monthly,2023-06-01
u_1858,LATAM,monthly,2024-03-01
u_1859,LATAM,trial,2023-04-01
u_1860,LATAM,monthly,2023-08-01
u_1861,US,annual,2023-08-01
u_1862,US,trial,2023-12-01
u_1863,EU,annual,2024-02-01
u_1864,EU,monthly,2023-12-01
u_1865,EU,annual,2024-04-01
u_1866,LATAM,monthly,2024-05-01
u_1867,US,monthly,2023-08-01
u_1868,US,annual,2023-01-01
u_1869,EU,monthly,2024-02-01
u_1870,US,trial,2023-02-01
u_1871,US,trial,2024-03-01
u_1872,LATAM,monthly,2023-11-01
u_1873,US,monthly,2023-05-01
u_1874,US,monthly,2024-02-01
u_1875,EU,trial,2023-02-01
u_1876,LATAM,monthly,2024-02-01
u_1877,US,monthly,2024-03-01
u_1878,US,monthly,2024-04-01
u_1879,LATAM,annual,2023-03-01
u_1880,EU,annual,2023-09-01
u_1881,EU,monthly,2023-03-01
u_1882,EU,monthly,2023-11-01
u_1883,EU,monthly,2023-03-01
u_1884,LATAM,monthly,2024-04-01
u_1885,EU,monthly,2023-02-01
u_1886,US,monthly,2024-06-01
u_1887,LATAM,monthly,2023-04-01
u_1888,LATAM,monthly,2023-06-01
u_1889,LATAM,annual,2024-02-01
u_1890,US,monthly,2023-08-01
u_1891,US,monthly,2023-08-01
u_1892,LATAM,monthly,2024-02-01
u_1893,US,monthly,2023-08-01
u_1894,LATAM,monthly,2024-06-01
u_1895,EU,monthly,2024-02-01
u_1896,US,monthly,2023-07-01
u_1897,EU,monthly,2024-06-01
u_1898,EU,monthly,2024-06-01
u_1899,US,trial,2023-05-01
u_1900,US,trial,2023-06-01
u_1901,US,annual,2023-03-01
u_1902,EU,trial,2023-12-01
u_1903,US,monthly,2024-02-01
u_1904,US,monthly,2023-02-01
u_1905,LATAM,monthly,2024-01-01
u_1906,LATAM,monthly,2023-02-01
u_1907,US,annual,2024-06-01
u_1908,EU,trial,2023-01-01
u_1909,LATAM,monthly,2023-11-01
u_1910,US,trial,2023-10-01
u_1911,US,trial,2024-03-01
u_1912,LATAM,monthly,2023-07-01
u_1913,US,monthly,2024-03-01
u_1914,LATAM,monthly,2023-07-01
u_1915,US,monthly,2024-01-01
u_1916,EU,monthly,2024-02-01
u_1917,US,monthly,2023-07-01
u_1918,US,monthly,2024-02-01
u_1919,EU,annual,2023-10-01
u_1920,EU,monthly,2024-01-01
u_1921,US,trial,2023-07-01
u_1922,EU,monthly,2024-04-01
u_1923,US,monthly,2023-09-01
u_1924,EU,trial,2024-03-01
u_1925,LATAM,monthly,2023-09-01
u_1926,EU,monthly,2023-09-01
u_1927,US,trial,2023-08-01
u_1928,EU,monthly,2024-02-01
u_1929,EU,monthly,2023-02-01
u_1930,LATAM,monthly,2023-03-01
u_1931,EU,trial,2023-01-01
u_1932,US,annual,2023-03-01
u_1933,EU,monthly,2024-02-01
u_1934,US,monthly,2023-09-01
u_1935,LATAM,monthly,2023-07-01
u_1936,EU,monthly,2023-08-01
u_1937,US,monthly,2024-04-01
u_1938,US,monthly,2023-08-01
u_1939,EU,trial,2024-04-01
u_1940,US,monthly,2024-02-01
u_1941,US,monthly,2024-02-01
u_1942,EU,monthly,2024-04-01
u_1943,LATAM,annual,2023-10-01
u_1944,EU,monthly,2024-05-01
u_1945,EU,trial,2023-01-01
u_1946,US,monthly,2023-12-01
u_1947,US,monthly,2023-06-01
u_1948,US,monthly,2024-03-01
u_1949,LATAM,monthly,2023-03-01
u_1950,EU,trial,2023-09-01
u_1951,US,trial,2024-03-01
u_1952,EU,monthly,2023-06-01
u_1953,US,monthly,2023-09-01
u_1954,US,annual,2023-09-01
u_1955,US,monthly,2023-09-01
u_1956,US,monthly,2023-08-01
u_1957,US,monthly,2024-05-01
u_1958,LATAM,monthly,2023-08-01
u_1959,LATAM,annual,2024-02-01
u_1960,US,monthly,2023-01-01
u_1961,US,monthly,2024-01-01
u_1962,EU,monthly,2024-03-01
u_1963,US,monthly,2023-08-01
u_1964,US,monthly,2024-03-01
u_1965,US,monthly,2023-01-01
u_1966,US,trial,2023-07-01
u_1967,US,monthly,2023-08-01
u_1968,US,monthly,2023-10-01
u_1969,US,monthly,2023-12-01
u_1970,EU,trial,2024-02-01
u_1971,EU,annual,2023-04-01
u_1972,US,monthly,2023-12-01
u_1973,LATAM,monthly,2023-04-01
u_1974,US,monthly,2024-03-01
u_1975,US,monthly,2024-06-01
u_1976,LATAM,monthly,2024-04-01
u_1977,US,monthly,2024-04-01
u_1978,US,annual,2024-03-01
u_1979,US,trial,2023-03-01
u_1980,US,monthly,2024-05-01
u_1981,US,annual,2024-05-01
u_1982,US,annual,2023-12-01
u_1983,US,monthly,2024-05-01
u_1984,US,monthly,2023-12-01
u_1985,US,trial,2023-01-01
u_1986,US,annual,2023-12-01
u_1987,LATAM,monthly,2023-05-01
u_1988,US,monthly,2023-02-01
u_1989,US,monthly,2023-06-01
u_1990,US,trial,2024-06-01
u_1991,US,trial,2023-09-01
u_1992,US,annual,2023-09-01
u_1993,EU,annual,2023-10-01
u_1994,LATAM,monthly,2023-07-01
u_1995,US,trial,2023-10-01
u_1996,US,annual,2024-01-01
u_1997,LATAM,annual,2023-09-01
u_1998,US,monthly,2024-03-01
u_1999,US,monthly,2024-05-01
u_2000,EU,monthly,2023-07-01
u_2001,US,monthly,2024-06-01
u_2002,LATAM,monthly,2024-02-01
u_2003,LATAM,trial,2023-03-01
u_2004,EU,trial,2023-02-01
u_2005,US,monthly,2024-03-01
u_2006,LATAM,monthly,2023-07-01
u_2007,LATAM,annual,2023-06-01
u_2008,LATAM,monthly,2023-12-01
u_2009,LATAM,annual,2023-06-01
u_2010,US,monthly,2023-05-01
u_2011,US,monthly,2023-06-01
u_2012,EU,monthly,2023-06-01
u_2013,LATAM,monthly,2024-03-01
u_2014,US,monthly,2024-01-01
u_2015,LATAM,trial,2024-01-01
u_2016,US,monthly,2023-05-01
u_2017,EU,monthly,2023-05-01
u_2018,LATAM,trial,2024-04-01
u_2019,US,monthly,2023-11-01
u_2020,LATAM,monthly,2023-10-01
u_2021,US,annual,2023-12-01
u_2022,US,annual,2024-04-01
u_2023,US,monthly,2023-04-01
u_2024,LATAM,trial,2024-05-01
u_2025,EU,monthly,2023-04-01
u_2026,US,trial,2023-02-01
u_2027,US,monthly,2023-03-01
u_2028,US,trial,2024-01-01
u_2029,US,monthly,2024-06-01
u_2030,EU,monthly,2023-01-01
u_2031,LATAM,monthly,2023-09-01
u_2032,US,trial,2024-01-01
u_2033,EU,monthly,2023-01-01
u_2034,EU,monthly,2024-04-01
u_2035,EU,monthly,2023-09-01
u_2036,EU,monthly,2024-05-01
u_2037,US,monthly,2024-01-01
u_2038,US,trial,2023-11-01
u_2039,LATAM,trial,2023-10-01
u_2040,LATAM,trial,2023-12-01
u_2041,LATAM,monthly,2023-04-01
u_2042,EU,monthly,2023-04-01
u_2043,EU,annual,2024-03-01
u_2044,EU,annual,2024-03-01
u_2045,LATAM,monthly,2024-05-01
u_2046,US,annual,2024-04-01
u_2047,US,monthly,2024-01-01
u_2048,EU,monthly,2024-01-01
u_2049,EU,monthly,2023-12-01
u_2050,EU,monthly,2023-12-01
u_2051,EU,annual,2024-02-01
u_2052,US,monthly,2023-08-01
u_2053,US,annual,2024-02-01
u_2054,US,trial,2023-11-01
u_2055,US,trial,2023-01-01
u_2056,LATAM,monthly,2023-01-01
u_2057,US,monthly,2023-12-01
u_2058,US,monthly,2023-04-01
u_2059,EU,monthly,2023-04-01
u_2060,EU,trial,2023-03-01
u_2061,LATAM,trial,2024-02-01
u_2062,US,monthly,2024-02-01
u_2063,US,monthly,2023-01-01
u_2064,US,monthly,2023-01-01
u_2065,US,monthly,2023-09-01
u_2066,US,trial,2024-04-01
u_2067,US,monthly,2023-05-01
u_2068,US,monthly,2023-08-01
u_2069,EU,monthly,2023-11-01
u_2070,US,monthly,2023-11-01
u_2071,US,annual,2024-05-01
u_2072,US,annual,2023-01-01
u_2073,LATAM,trial,2023-10-01
u_2074,EU,annual,2023-08-01
u_2075,US,trial,2023-12-01
u_2076,EU,annual,2024-04-01
u_2077,US,monthly,2023-06-01
u_2078,EU,trial,2024-01-01
u_2079,LATAM,annual,2024-01-01
u_2080,US,monthly,2023-04-01
u_2081,LATAM,monthly,2023-08-01
u_2082,LATAM,monthly,2023-02-01
u_2083,EU,monthly,2024-03-01
u_2084,LATAM,trial,2023-06-01
u_2085,EU,monthly,2024-06-01
u_2086,LATAM,trial,2023-02-01
u_2087,US,annual,2023-01-01
u_2088,US,annual,2023-07-01
u_2089,US,monthly,2023-11-01
u_2090,LATAM,monthly,2023-08-01
u_2091,EU,trial,2024-04-01
u_2092,LATAM,monthly,2023-06-01
u_2093,US,annual,2024-05-01
u_2094,US,trial,2023-03-01
u_2095,LATAM,monthly,2023-12-01
u_2096,US,trial,2023-07-01
u_2097,US,trial,2023-09-01
u_2098,US,annual,2023-05-01
u_2099,US,monthly,2024-02-01
u_2100,EU,annual,2023-08-01
u_2101,LATAM,monthly,2023-07-01
u_2102,US,monthly,2023-09-01
u_2103,US,annual,2023-12-01
u_2104,US,annual,2024-05-01
u_2105,US,monthly,2023-07-01
u_2106,EU,trial,2023-08-01
u_2107,US,monthly,2024-05-01
u_2108,EU,monthly,2023-10-01
u_2109,US,monthly,2023-10-01
u_2110,US,monthly,2023-01-01
u_2111,LATAM,annual,2023-08-01
u_2112,LATAM,monthly,2024-02-01
u_2113,EU,monthly,2023-02-01
u_2114,US,annual,2023-01-01
u_2115,US,monthly,2023-09-01
u_2116,US,annual,2023-11-01
u_2117,LATAM,monthly,2023-03-01
u_2118,EU,monthly,2024-01-01
u_2119,US,monthly,2023-03-01
u_2120,US,annual,2024-01-01
u_2121,US,annual,2023-07-01
u_2122,EU,monthly,2024-02-01
u_2123,LATAM,monthly,2024-02-01
u_2124,LATAM,monthly,2023-02-01
u_2125,LATAM,annual,2023-01-01
u_2126,US,monthly,2024-01-01
u_2127,LATAM,monthly,2024-03-01
u_2128,LATAM,monthly,2023-06-01
u_2129,EU,annual,2023-08-01
u_2130,US,trial,2024-05-01
u_2131,US,trial,2024-02-01
u_2132,LATAM,monthly,2023-02-01
u_2133,US,trial,2023-07-01
u_2134,EU,annual,2023-04-01
u_2135,EU,annual,2023-01-01
u_2136,US,monthly,2023-12-01
u_2137,US,trial,2023-04-01
u_2138,EU,monthly,2023-08-01
u_2139,US,monthly,2023-11-01
u_2140,US,monthly,2024-06-01
u_2141,LATAM,monthly,2023-10-01
u_2142,EU,monthly,2023-11-01
u_2143,US,annual,2024-03-01
u_2144,US,monthly,2023-02-01
u_2145,US,annual,2023-11-01
u_2146,LATAM,trial,2023-09-01
u_2147,LATAM,monthly,2024-04-01
u_2148,US,monthly,2023-07-01
u_2149,LATAM,monthly,2023-03-01
u_2150,US,monthly,2024-06-01
u_2151,EU,trial,2023-04-01
u_2152,US,monthly,2023-11-01
u_2153,US,monthly,2023-02-01
u_2154,US,monthly,2023-10-01
u_2155,US,trial,2024-04-01
u_2156,US,monthly,2024-02-01
u_2157,EU,trial,2023-07-01
u_2158,LATAM,trial,2023-11-01
u_2159,LATAM,monthly,2023-08-01
u_2160,EU,annual,2024-06-01
u_2161,EU,monthly,2024-02-01
u_2162,US,monthly,2024-06-01
u_2163,US,monthly,2024-01-01
u_2164,US,monthly,2023-02-01
u_2165,US,monthly,2024-03-01
u_2166,US,monthly,2023-08-01
u_2167,EU,monthly,2023-04-01
u_2168,EU,monthly,2024-03-01
u_2169,LATAM,monthly,2023-08-01
u_2170,US,monthly,2023-05-01
u_2171,EU,annual,2023-09-01
u_2172,US,trial,2024-01-01
u_2173,US,monthly,2023-01-01
u_2174,US,trial,2024-05-01
u_2175,US,monthly,2023-01-01
u_2176,US,trial,2023-11-01
u_2177,US,monthly,2023-05-01
u_2178,EU,trial,2023-04-01
u_2179,US,trial,2023-02-01
u_2180,US,monthly,2024-05-01
u_2181,US,monthly,2023-04-01
u_2182,EU,monthly,2023-06-01
u_2183,EU,annual,2023-07-01
u_2184,US,trial,2023-07-01
u_2185,US,monthly,2024-04-01
u_2186,EU,monthly,2023-06-01
u_2187,EU,annual,2023-05-01
u_2188,US,monthly,2023-07-01
u_2189,US,monthly,2024-02-01
u_2190,US,annual,2024-01-01
u_2191,US,monthly,2023-11-01
u_2192,LATAM,monthly,2023-08-01
u_2193,EU,monthly,2023-05-01
u_2194,US,annual,2023-10-01
u_2195,US,monthly,2023-02-01
u_2196,US,monthly,2023-07-01
u_2197,US,monthly,2023-10-01
u_2198,EU,monthly,2023-10-01
u_2199,EU,annual,2023-05-01
u_2200,US,trial,2023-11-01
u_2201,US,monthly,2023-10-01
u_2202,US,trial,2024-02-01
u_2203,US,monthly,2024-06-01
u_2204,LATAM,monthly,2023-12-01
u_2205,LATAM,monthly,2023-08-01
u_2206,US,trial,2023-12-01
u_2207,US,monthly,2023-08-01
u_2208,US,annual,2023-11-01
u_2209,EU,monthly,2023-03-01
u_2210,US,monthly,2023-12-01
u_2211,US,trial,2024-03-01
u_2212,LATAM,monthly,2023-01-01
u_2213,EU,monthly,2023-10-01
u_2214,LATAM,monthly,2023-07-01
u_2215,LATAM,monthly,2023-02-01
u_2216,EU,annual,2023-08-01
u_2217,US,trial,2023-01-01
u_2218,EU,trial,2023-04-01
u_2219,EU,monthly,2024-02-01
u_2220,US,monthly,2024-01-01
u_2221,LATAM,monthly,2023-04-01
u_2222,US,monthly,2024-01-01
u_2223,US,monthly,2023-09-01
u_2224,US,monthly,2023-01-01
u_2225,EU,monthly,2024-06-01
u_2226,US,monthly,2023-04-01
u_2227,US,monthly,2023-01-01
u_2228,LATAM,monthly,2023-09-01
u_2229,US,monthly,2023-03-01
u_2230,US,trial,2023-06-01
u_2231,LATAM,monthly,2024-02-01
u_2232,LATAM,monthly,2024-06-01
u_2233,US,monthly,2024-01-01
u_2234,LATAM,monthly,2023-02-01
u_2235,LATAM,monthly,2024-05-01
u_2236,LATAM,annual,2023-02-01
u_2237,US,monthly,2024-01-01
u_2238,US,monthly,2023-07-01
u_2239,LATAM,monthly,2024-04-01
u_2240,EU,trial,2024-02-01
u_2241,LATAM,annual,2023-02-01
u_2242,US,monthly,2024-03-01
u_2243,US,trial,2023-03-01
u_2244,US,monthly,2023-11-01
u_2245,US,annual,2023-06-01
u_2246,LATAM,monthly,2024-04-01
u_2247,US,monthly,2023-08-01
u_2248,LATAM,annual,2024-01-01
u_2249,US,trial,2024-06-01
u_2250,US,monthly,2024-05-01
u_2251,US,trial,2024-05-01
u_2252,US,monthly,2023-06-01
u_2253,US,monthly,2023-06-01
u_2254,US,monthly,2024-05-01
u_2255,EU,trial,2024-03-01
u_2256,US,monthly,2024-04-01
u_2257,EU,monthly,2024-05-01
u_2258,US,monthly,2023-07-01
u_2259,EU,monthly,2024-04-01
u_2260,US,monthly,2024-04-01
u_2261,EU,monthly,2023-01-01
u_2262,EU,monthly,2023-10-01
u_2263,US,monthly,2023-07-01
u_2264,US,monthly,2023-08-01
u_2265,US,monthly,2024-01-01
u_2266,US,monthly,2024-01-01
u_2267,US,trial,2023-01-01
u_2268,LATAM,monthly,2024-06-01
u_2269,US,monthly,2023-08-01
u_2270,EU,trial,2024-01-01
u_2271,US,monthly,2023-11-01
u_2272,US,trial,2024-01-01
u_2273,EU,annual,2023-01-01
u_2274,US,monthly,2023-07-01
u_2275,US,monthly,2024-06-01
u_2276,LATAM,monthly,2023-09-01
u_2277,US,monthly,2024-03-01
u_2278,EU,monthly,2023-03-01
u_2279,LATAM,monthly,2023-04-01
u_2280,US,annual,2024-06-01
u_2281,LATAM,monthly,2023-09-01
u_2282,US,monthly,2024-01-01
u_2283,US,annual,2023-02-01
u_2284,US,monthly,2023-12-01
u_2285,LATAM,trial,2023-03-01
u_2286,EU,monthly,2023-11-01
u_2287,US,monthly,2023-04-01
u_2288,EU,annual,2024-02-01
u_2289,US,trial,2023-11-01
u_2290,US,annual,2023-08-01
u_2291,US,monthly,2024-05-01
u_2292,US,monthly,2024-03-01
u_2293,US,trial,2023-04-01
u_2294,US,annual,2023-05-01
u_2295,US,trial,2023-12-01
u_2296,EU,annual,2023-04-01
u_2297,US,annual,2024-04-01
u_2298,LATAM,trial,2024-05-01
u_2299,US,monthly,2024-05-01
u_2300,US,monthly,2023-12-01
u_2301,LATAM,monthly,2023-03-01
u_2302,US,monthly,2023-06-01
u_2303,US,monthly,2023-01-01
u_2304,EU,annual,2023-08-01
u_2305,US,monthly,2023-06-01
u_2306,LATAM,monthly,2024-02-01
u_2307,EU,trial,2023-01-01
u_2308,EU,trial,2023-04-01
u_2309,LATAM,monthly,2024-01-01
u_2310,US,monthly,2023-10-01
u_2311,EU,monthly,2023-06-01
u_2312,LATAM,monthly,2023-09-01
u_2313,US,monthly,2023-03-01
u_2314,US,trial,2023-06-01
u_2315,EU,monthly,2023-11-01
u_2316,LATAM,trial,2023-10-01
u_2317,EU,annual,2023-12-01
u_2318,US,monthly,2024-06-01
u_2319,US,annual,2024-03-01
u_2320,US,monthly,2023-02-01
u_2321,EU,trial,2023-06-01
u_2322,US,trial,2023-03-01
u_2323,US,monthly,2023-01-01
u_2324,US,monthly,2023-03-01
u_2325,EU,annual,2023-12-01
u_2326,US,monthly,2023-11-01
u_2327,US,monthly,2024-01-01
u_2328,US,monthly,2023-11-01
u_2329,US,monthly,2023-10-01
u_2330,US,monthly,2023-02-01
u_2331,US,annual,2023-05-01
u_2332,US,annual,2024-01-01
u_2333,EU,trial,2023-10-01
u_2334,US,trial,2023-03-01
u_2335,EU,annual,2023-08-01
u_2336,LATAM,monthly,2024-06-01
u_2337,LATAM,monthly,2023-06-01
u_2338,US,monthly,2023-01-01
u_2339,US,monthly,2024-03-01
u_2340,EU,monthly,2024-04-01
u_2341,US,monthly,2023-08-01
u_2342,US,monthly,2024-05-01
u_2343,US,annual,2023-10-01
u_2344,EU,monthly,2024-01-01
u_2345,LATAM,monthly,2023-12-01
u_2346,EU,monthly,2023-07-01
u_2347,LATAM,trial,2023-07-01
u_2348,EU,annual,2023-09-01
u_2349,EU,monthly,2023-02-01
u_2350,EU,annual,2023-02-01
u_2351,EU,monthly,2023-08-01
u_2352,LATAM,monthly,2023-05-01
u_2353,US,annual,2023-03-01
u_2354,US,monthly,2024-06-01
u_2355,EU,trial,2023-04-01
u_2356,EU,monthly,2023-08-01
u_2357,EU,monthly,2023-01-01
u_2358,US,monthly,2023-06-01
u_2359,US,monthly,2024-03-01
u_2360,EU,annual,2023-11-01
u_2361,LATAM,monthly,2023-12-01
u_2362,LATAM,monthly,2023-07-01
u_2363,EU,annual,2023-08-01
u_2364,LATAM,annual,2023-04-01
u_2365,LATAM,trial,2024-02-01
u_2366,EU,monthly,2023-08-01
u_2367,US,monthly,2023-09-01
u_2368,LATAM,monthly,2023-12-01
u_2369,LATAM,trial,2024-05-01
u_2370,EU,monthly,2023-06-01
u_2371,US,annual,2023-10-01
u_2372,EU,monthly,2023-03-01
u_2373,US,trial,2024-03-01
u_2374,US,trial,2023-06-01
u_2375,EU,monthly,2024-06-01
u_2376,US,trial,2023-07-01
u_2377,US,annual,2023-07-01
u_2378,US,monthly,2023-05-01
u_2379,LATAM,monthly,2023-07-01
u_2380,EU,monthly,2023-05-01
u_2381,EU,monthly,2023-09-01
u_2382,EU,monthly,2023-09-01
u_2383,US,annual,2023-07-01
u_2384,LATAM,monthly,2023-07-01
u_2385,LATAM,monthly,2023-09-01
u_2386,EU,monthly,2023-02-01
u_2387,US,monthly,2023-03-01
u_2388,LATAM,trial,2024-04-01
u_2389,US,monthly,2023-04-01
u_2390,EU,trial,2023-01-01
u_2391,LATAM,monthly,2023-04-01
u_2392,US,annual,2023-12-01
u_2393,LATAM,trial,2023-10-01
u_2394,US,monthly,2023-05-01
u_2395,LATAM,trial,2023-07-01
u_2396,EU,monthly,2023-12-01
u_2397,US,trial,2023-07-01
u_2398,US,monthly,2024-03-01
u_2399,EU,monthly,2023-08-01
u_2400,EU,monthly,2023-10-01
u_2401,EU,annual,2023-04-01
u_2402,US,trial,2023-01-01
u_2403,US,monthly,2023-11-01
u_2404,EU,monthly,2024-06-01
u_2405,US,annual,2023-06-01
u_2406,US,trial,2023-02-01
u_2407,US,monthly,2023-06-01
u_2408,US,monthly,2023-08-01
u_2409,LATAM,annual,2023-06-01
u_2410,US,monthly,2023-02-01
u_2411,LATAM,annual,2023-11-01
u_2412,US,trial,2023-01-01
u_2413,LATAM,trial,2024-05-01
u_2414,US,monthly,2023-06-01
u_2415,US,monthly,2024-01-01
u_2416,US,trial,2024-04-01
u_2417,US,monthly,2023-06-01
u_2418,EU,monthly,2023-03-01
u_2419,US,monthly,2024-06-01
u_2420,LATAM,trial,2023-07-01
u_2421,US,monthly,2023-06-01
u_2422,US,monthly,2023-09-01
u_2423,EU,monthly,2023-12-01
u_2424,US,annual,2023-01-01
u_2425,US,annual,2023-05-01
u_2426,US,monthly,2024-01-01
u_2427,US,monthly,2024-03-01
u_2428,EU,monthly,2023-06-01
u_2429,US,trial,2023-10-01
u_2430,US,monthly,2023-06-01
u_2431,US,monthly,2023-03-01
u_2432,LATAM,annual,2023-12-01
u_2433,EU,trial,2023-01-01
u_2434,EU,trial,2024-01-01
u_2435,US,annual,2023-09-01
u_2436,EU,trial,2023-06-01
u_2437,EU,annual,2023-05-01
u_2438,LATAM,annual,2023-03-01
u_2439,US,monthly,2023-10-01
u_2440,LATAM,monthly,2023-04-01
u_2441,LATAM,trial,2024-01-01
u_2442,US,annual,2024-02-01
u_2443,US,monthly,2023-07-01
u_2444,EU,trial,2023-04-01
u_2445,US,monthly,2023-10-01
u_2446,US,monthly,2023-06-01
u_2447,US,trial,2024-01-01
u_2448,US,monthly,2023-06-01
u_2449,US,monthly,2024-02-01
u_2450,US,annual,2023-12-01
u_2451,EU,monthly,2024-04-01
u_2452,LATAM,monthly,2023-10-01
u_2453,US,trial,2023-06-01
u_2454,EU,monthly,2024-03-01
u_2455,US,trial,2024-05-01
u_2456,EU,trial,2023-05-01
u_2457,LATAM,monthly,2024-04-01
u_2458,LATAM,monthly,2023-06-01
u_2459,US,monthly,2023-02-01
u_2460,EU,monthly,2023-03-01
u_2461,LATAM,annual,2023-10-01
u_2462,US,monthly,2023-06-01
u_2463,LATAM,monthly,2023-10-01
u_2464,US,monthly,2023-04-01
u_2465,LATAM,monthly,2023-05-01
u_2466,US,monthly,2023-11-01
u_2467,US,monthly,2023-04-01
u_2468,LATAM,monthly,2023-06-01
u_2469,EU,monthly,2023-11-01
u_2470,LATAM,monthly,2023-01-01
u_2471,EU,annual,2024-02-01
u_2472,US,annual,2024-01-01
u_2473,EU,trial,2023-11-01
u_2474,EU,trial,2023-11-01
u_2475,LATAM,annual,2024-06-01
u_2476,US,trial,2023-10-01
u_2477,US,monthly,2023-04-01
u_2478,EU,monthly,2024-03-01
u_2479,EU,monthly,2024-03-01
u_2480,US,annual,2023-06-01
u_2481,LATAM,monthly,2023-10-01
u_2482,US,trial,2023-08-01
u_2483,LATAM,monthly,2024-03-01
u_2484,LATAM,trial,2023-01-01
u_2485,EU,annual,2023-11-01
u_2486,LATAM,monthly,2023-10-01
u_2487,US,annual,2024-01-01
u_2488,US,monthly,2023-04-01
u_2489,US,trial,2023-04-01
u_2490,US,monthly,2024-03-01
u_2491,US,monthly,2023-09-01
u_2492,EU,trial,2024-06-01
u_2493,US,monthly,2023-02-01
u_2494,EU,monthly,2023-03-01
u_2495,US,annual,2024-04-01
u_2496,US,trial,2023-06-01
u_2497,EU,monthly,2023-06-01
u_2498,US,monthly,2023-05-01
u_2499,US,monthly,2023-02-01
u_2500,US,monthly,2023-10-01
u_2501,EU,annual,2023-10-01
u_2502,EU,monthly,2023-01-01
u_2503,EU,trial,2023-03-01
u_2504,US,annual,2024-05-01
u_2505,US,trial,2024-06-01
u_2506,US,annual,2023-07-01
u_2507,EU,monthly,2024-03-01
u_2508,EU,monthly,2023-08-01
u_2509,EU,trial,2024-06-01
u_2510,US,trial,2023-01-01
u_2511,EU,monthly,2023-06-01
u_2512,EU,annual,2023-02-01
u_2513,US,monthly,2024-06-01
u_2514,LATAM,monthly,2023-03-01
u_2515,US,monthly,2023-10-01
u_2516,EU,monthly,2023-06-01
u_2517,LATAM,monthly,2024-06-01
u_2518,EU,monthly,2023-02-01
u_2519,US,monthly,2023-02-01
u_2520,LATAM,trial,2024-03-01
u_2521,EU,monthly,2023-02-01
u_2522,EU,annual,2023-06-01
u_2523,LATAM,annual,2023-12-01
u_2524,EU,annual,2023-06-01
u_2525,EU,trial,2023-06-01
u_2526,EU,monthly,2023-09-01
u_2527,US,annual,2023-09-01
u_2528,EU,monthly,2024-04-01
u_2529,LATAM,monthly,2023-01-01
u_2530,EU,annual,2023-03-01
u_2531,US,monthly,2024-03-01
u_2532,EU,monthly,2024-02-01
u_2533,EU,monthly,2023-11-01
u_2534,LATAM,trial,2023-07-01
u_2535,US,annual,2023-09-01
u_2536,US,annual,2023-06-01
u_2537,US,trial,2024-06-01
u_2538,EU,monthly,2023-01-01
u_2539,EU,monthly,2024-06-01
u_2540,US,annual,2023-09-01
u_2541,US,monthly,2023-07-01
u_2542,US,monthly,2024-04-01
u_2543,US,monthly,2024-01-01
u_2544,EU,annual,2024-02-01
u_2545,US,annual,2023-08-01
u_2546,LATAM,trial,2023-04-01
u_2547,US,monthly,2024-04-01
u_2548,EU,monthly,2024-01-01
u_2549,US,annual,2024-05-01
u_2550,LATAM,monthly,2024-04-01
u_2551,US,monthly,2023-03-01
u_2552,EU,annual,2024-03-01
u_2553,US,monthly,2024-05-01
u_2554,EU,monthly,2023-10-01
u_2555,EU,monthly,2023-05-01
u_2556,US,monthly,2023-10-01
u_2557,US,annual,2024-02-01
u_2558,LATAM,trial,2023-10-01
u_2559,LATAM,monthly,2024-06-01
u_2560,EU,monthly,2024-06-01
u_2561,US,monthly,2023-09-01
u_2562,US,monthly,2023-06-01
u_2563,EU,annual,2023-05-01
u_2564,US,trial,2024-01-01
u_2565,US,annual,2024-02-01
u_2566,LATAM,monthly,2023-03-01
u_2567,LATAM,annual,2023-04-01
u_2568,EU,monthly,2023-02-01
u_2569,US,monthly,2024-02-01
u_2570,EU,monthly,2023-09-01
u_2571,US,monthly,2023-02-01
u_2572,US,trial,2024-06-01
u_2573,US,monthly,2024-04-01
u_2574,EU,monthly,2023-09-01
u_2575,US,monthly,2024-02-01
u_2576,LATAM,annual,2023-11-01
u_2577,US,monthly,2023-05-01
u_2578,EU,monthly,2023-11-01
u_2579,EU,monthly,2023-11-01
u_2580,EU,monthly,2023-01-01
u_2581,LATAM,trial,2023-11-01
u_2582,US,monthly,2024-05-01
u_2583,EU,annual,2023-07-01
u_2584,LATAM,monthly,2024-02-01
u_2585,US,monthly,2023-11-01
u_2586,US,monthly,2023-09-01
u_2587,EU,monthly,2023-06-01
u_2588,EU,monthly,2024-06-01
u_2589,EU,monthly,2024-03-01
u_2590,US,monthly,2023-02-01
u_2591,LATAM,annual,2023-10-01
u_2592,US,monthly,2023-08-01
u_2593,US,trial,2024-03-01
u_2594,US,monthly,2023-10-01
u_2595,US,trial,2023-09-01
u_2596,US,monthly,2023-12-01
u_2597,US,monthly,2024-03-01
u_2598,US,annual,2023-09-01
u_2599,EU,trial,2024-04-01
u_2600,EU,monthly,2023-12-01
u_2601,EU,monthly,2023-12-01
u_2602,LATAM,trial,2023-11-01
u_2603,EU,monthly,2023-01-01
u_2604,EU,annual,2024-04-01
u_2605,US,trial,2023-04-01
u_2606,US,monthly,2023-07-01
u_2607,EU,monthly,2024-05-01
u_2608,EU,monthly,2023-07-01
u_2609,EU,monthly,2023-01-01
u_2610,LATAM,trial,2024-01-01
u_2611,EU,monthly,2024-03-01
u_2612,US,monthly,2023-07-01
u_2613,US,monthly,2023-11-01
u_2614,US,monthly,2024-04-01
u_2615,EU,annual,2023-10-01
u_2616,EU,trial,2023-07-01
u_2617,US,monthly,2024-04-01
u_2618,LATAM,monthly,2023-03-01
u_2619,LATAM,monthly,2023-12-01
u_2620,LATAM,annual,2024-01-01
u_2621,EU,annual,2023-03-01
u_2622,US,annual,2023-07-01
u_2623,EU,monthly,2023-02-01
u_2624,US,trial,2024-02-01
u_2625,EU,monthly,2024-04-01
u_2626,US,monthly,2024-02-01
u_2627,EU,monthly,2023-10-01
u_2628,EU,annual,2024-06-01
u_2629,EU,monthly,2023-01-01
u_2630,LATAM,monthly,2024-06-01
u_2631,US,monthly,2023-04-01
u_2632,EU,annual,2024-05-01
u_2633,EU,trial,2024-01-01
u_2634,US,monthly,2024-03-01
u_2635,US,trial,2023-06-01
u_2636,US,trial,2024-01-01
u_2637,LATAM,monthly,2023-02-01
u_2638,EU,trial,2024-06-01
u_2639,US,monthly,2023-05-01
u_2640,US,monthly,2024-02-01
u_2641,US,trial,2023-01-01
u_2642,EU,trial,2024-03-01
u_2643,US,annual,2024-04-01
u_2644,LATAM,monthly,2023-08-01
u_2645,US,annual,2023-04-01
u_2646,US,monthly,2023-01-01
u_2647,US,monthly,2023-10-01
u_2648,US,monthly,2023-06-01
u_2649,LATAM,trial,2023-09-01
u_2650,US,monthly,2024-03-01
u_2651,US,monthly,2023-03-01
u_2652,US,annual,2024-05-01
u_2653,US,annual,2024-05-01
u_2654,EU,monthly,2024-02-01
u_2655,LATAM,monthly,2024-02-01
u_2656,US,trial,2023-02-01
u_2657,LATAM,monthly,2023-10-01
u_2658,LATAM,trial,2023-07-01
u_2659,US,monthly,2024-02-01
u_2660,US,monthly,2023-12-01
u_2661,EU,annual,2023-09-01
u_2662,LATAM,monthly,2023-03-01
u_2663,EU,monthly,2023-05-01
u_2664,US,monthly,2024-06-01
u_2665,EU,monthly,2023-06-01
u_2666,LATAM,monthly,2023-04-01
u_2667,US,monthly,2023-02-01
u_2668,US,monthly,2024-01-01
u_2669,US,annual,2023-09-01
u_2670,US,annual,2023-05-01
u_2671,US,monthly,2023-03-01
u_2672,EU,monthly,2023-12-01
u_2673,US,trial,2024-01-01
u_2674,EU,trial,2023-07-01
u_2675,LATAM,annual,2023-01-01
u_2676,EU,trial,2023-04-01
u_2677,EU,monthly,2023-09-01
u_2678,EU,monthly,2023-08-01
u_2679,US,monthly,2024-06-01
u_2680,EU,monthly,2024-06-01
u_2681,EU,monthly,2023-12-01
u_2682,US,monthly,2024-01-01
u_2683,EU,monthly,2023-05-01
u_2684,EU,monthly,2023-12-01
u_2685,US,monthly,2024-03-01
u_2686,EU,monthly,2023-09-01
u_2687,LATAM,annual,2023-03-01
u_2688,EU,monthly,2023-06-01
u_2689,LATAM,monthly,2024-06-01
u_2690,US,trial,2024-01-01
u_2691,US,trial,2024-01-01
u_2692,EU,monthly,2023-09-01
u_2693,US,monthly,2024-01-01
u_2694,EU,monthly,2023-09-01
u_2695,US,trial,2023-04-01
u_2696,US,trial,2023-08-01
u_2697,EU,monthly,2024-05-01
u_2698,US,monthly,2024-04-01
u_2699,US,trial,2024-01-01
u_2700,US,monthly,2024-04-01
u_2701,EU,monthly,2023-09-01
u_2702,EU,monthly,2024-01-01
u_2703,US,monthly,2024-02-01
u_2704,US,monthly,2023-08-01
u_2705,US,monthly,2023-12-01
u_2706,US,trial,2024-04-01
u_2707,US,monthly,2023-11-01
u_2708,EU,monthly,2023-06-01
u_2709,EU,monthly,2023-09-01
u_2710,EU,trial,2023-07-01
u_2711,US,annual,2023-11-01
u_2712,US,annual,2024-04-01
u_2713,US,monthly,2024-05-01
u_2714,EU,monthly,2023-08-01
u_2715,EU,annual,2024-05-01
u_2716,LATAM,monthly,2024-06-01
u_2717,LATAM,monthly,2023-07-01
u_2718,EU,annual,2023-06-01
u_2719,EU,monthly,2023-05-01
u_2720,EU,monthly,2023-12-01
u_2721,US,monthly,2024-06-01
u_2722,LATAM,monthly,2024-03-01
u_2723,EU,monthly,2024-06-01
u_2724,EU,annual,2024-05-01
u_2725,EU,annual,2023-07-01
u_2726,US,monthly,2023-09-01
u_2727,US,annual,2023-08-01
u_2728,US,monthly,2024-06-01
u_2729,US,monthly,2023-01-01
u_2730,LATAM,monthly,2024-01-01
u_2731,US,trial,2024-04-01
u_2732,US,monthly,2023-10-01
u_2733,LATAM,monthly,2024-03-01
u_2734,EU,monthly,2023-04-01
u_2735,US,trial,2023-11-01
u_2736,EU,monthly,2024-05-01
u_2737,US,monthly,2023-08-01
u_2738,US,monthly,2024-03-01
u_2739,EU,trial,2023-06-01
u_2740,US,monthly,2023-12-01
u_2741,US,trial,2023-05-01
u_2742,EU,monthly,2023-05-01
u_2743,US,annual,2024-06-01
u_2744,EU,monthly,2023-02-01
u_2745,US,trial,2024-05-01
u_2746,EU,trial,2024-05-01
u_2747,LATAM,trial,2023-03-01
u_2748,LATAM,monthly,2023-01-01
u_2749,US,trial,2023-09-01
u_2750,EU,trial,2023-03-01
u_2751,US,annual,2023-09-01
u_2752,EU,monthly,2023-01-01
u_2753,US,annual,2023-02-01
u_2754,US,trial,2023-06-01
u_2755,US,monthly,2024-01-01
u_2756,EU,annual,2024-03-01
u_2757,US,annual,2024-04-01
u_2758,EU,monthly,2024-05-01
u_2759,US,monthly,2024-04-01
u_2760,EU,monthly,2023-10-01
u_2761,EU,monthly,2023-08-01
u_2762,LATAM,monthly,2023-01-01
u_2763,US,monthly,2023-01-01
u_2764,LATAM,monthly,2024-02-01
u_2765,US,trial,2023-03-01
u_2766,EU,annual,2024-02-01
u_2767,US,monthly,2023-03-01
u_2768,US,monthly,2024-04-01
u_2769,US,annual,2023-02-01
u_2770,US,monthly,2023-08-01
u_2771,US,annual,2024-05-01
u_2772,LATAM,annual,2023-12-01
u_2773,US,trial,2023-02-01
u_2774,US,monthly,2023-11-01
u_2775,EU,monthly,2023-10-01
u_2776,EU,monthly,2023-03-01
u_2777,US,monthly,2024-02-01
u_2778,EU,monthly,2023-12-01
u_2779,US,annual,2024-03-01
u_2780,LATAM,annual,2023-11-01
u_2781,EU,monthly,2023-01-01
u_2782,LATAM,monthly,2024-06-01
u_2783,US,trial,2023-01-01
u_2784,EU,monthly,2023-03-01
u_2785,LATAM,trial,2023-08-01
u_2786,EU,trial,2024-06-01
u_2787,US,monthly,2024-03-01
u_2788,EU,monthly,2023-08-01
u_2789,EU,monthly,2023-08-01
u_2790,US,monthly,2023-01-01
u_2791,EU,monthly,2023-08-01
u_2792,EU,monthly,2024-06-01
u_2793,EU,trial,2023-03-01
u_2794,US,monthly,2024-05-01
u_2795,EU,monthly,2024-05-01
u_2796,LATAM,monthly,2023-10-01
u_2797,EU,monthly,2023-07-01
u_2798,US,monthly,2023-02-01
u_2799,LATAM,annual,2023-12-01
u_2800,US,monthly,2023-06-01
u_2801,US,monthly,2023-07-01
u_2802,LATAM,annual,2023-10-01
u_2803,LATAM,annual,2023-08-01
u_2804,US,trial,2024-02-01
u_2805,US,trial,2023-03-01
u_2806,EU,monthly,2023-12-01
u_2807,EU,monthly,2023-07-01
u_2808,LATAM,monthly,2023-10-01
u_2809,US,trial,2024-03-01
u_2810,LATAM,annual,2024-06-01
u_2811,EU,monthly,2024-04-01
u_2812,LATAM,trial,2023-05-01
u_2813,US,monthly,2023-07-01
u_2814,LATAM,trial,2023-01-01
u_2815,US,monthly,2023-12-01
u_2816,EU,monthly,2023-04-01
u_2817,US,monthly,2023-01-01
u_2818,US,monthly,2024-06-01
u_2819,EU,trial,2023-09-01
u_2820,LATAM,monthly,2024-03-01
u_2821,LATAM,monthly,2024-03-01
u_2822,LATAM,monthly,2024-05-01
u_2823,LATAM,trial,2023-08-01
u_2824,US,monthly,2023-03-01
u_2825,US,annual,2023-07-01
u_2826,LATAM,monthly,2023-07-01
u_2827,US,monthly,2024-01-01
u_2828,US,annual,2023-09-01
u_2829,LATAM,trial,2023-12-01
u_2830,LATAM,trial,2023-05-01
u_2831,US,monthly,2023-09-01
u_2832,US,trial,2024-05-01
u_2833,US,monthly,2023-08-01
u_2834,US,monthly,2024-01-01
u_2835,US,annual,2023-01-01
u_2836,LATAM,monthly,2024-04-01
u_2837,US,monthly,2024-02-01
u_2838,LATAM,monthly,2024-03-01
u_2839,US,annual,2023-11-01
u_2840,EU,monthly,2023-12-01
u_2841,EU,monthly,2023-08-01
u_2842,EU,trial,2024-05-01
u_2843,US,trial,2023-10-01
u_2844,EU,monthly,2024-05-01
u_2845,US,monthly,2024-04-01
u_2846,US,trial,2024-06-01
u_2847,LATAM,monthly,2023-02-01
u_2848,US,monthly,2024-03-01
u_2849,LATAM,monthly,2023-11-01
u_2850,US,trial,2023-03-01
u_2851,US,trial,2023-10-01
u_2852,EU,monthly,2024-06-01
u_2853,US,trial,2023-04-01
u_2854,EU,annual,2023-03-01
u_2855,US,monthly,2023-02-01
u_2856,US,monthly,2023-03-01
u_2857,US,monthly,2023-03-01
u_2858,LATAM,trial,2024-06-01
u_2859,LATAM,monthly,2023-03-01
u_2860,LATAM,annual,2024-06-01
u_2861,US,monthly,2023-09-01
u_2862,US,monthly,2024-04-01
u_2863,US,monthly,2023-03-01
u_2864,US,trial,2023-08-01
u_2865,LATAM,trial,2023-11-01
u_2866,EU,annual,2024-04-01
u_2867,EU,monthly,2023-08-01
u_2868,US,monthly,2023-03-01
u_2869,US,annual,2023-11-01
u_2870,LATAM,annual,2023-07-01
u_2871,EU,monthly,2023-02-01
u_2872,LATAM,monthly,2023-09-01
u_2873,US,trial,2024-05-01
u_2874,US,trial,2024-03-01
u_2875,US,monthly,2024-05-01
u_2876,EU,annual,2023-09-01
u_2877,EU,annual,2024-06-01
u_2878,LATAM,monthly,2023-03-01
u_2879,EU,monthly,2023-01-01
u_2880,LATAM,monthly,2023-01-01
u_2881,US,annual,2023-02-01
u_2882,LATAM,monthly,2024-02-01
u_2883,EU,monthly,2023-12-01
u_2884,LATAM,monthly,2023-04-01
u_2885,EU,monthly,2024-03-01
u_2886,US,trial,2024-06-01
u_2887,EU,monthly,2024-04-01
u_2888,US,monthly,2023-12-01
u_2889,LATAM,monthly,2024-02-01
u_2890,EU,annual,2023-02-01
u_2891,LATAM,monthly,2024-06-01
u_2892,US,trial,2024-02-01
u_2893,EU,monthly,2024-03-01
u_2894,LATAM,trial,2023-10-01
u_2895,US,annual,2023-05-01
u_2896,LATAM,monthly,2024-02-01
u_2897,EU,monthly,2023-01-01
u_2898,EU,monthly,2023-01-01
u_2899,US,monthly,2023-07-01
u_2900,US,monthly,2023-12-01
u_2901,US,monthly,2024-02-01
u_2902,LATAM,monthly,2023-11-01
u_2903,US,monthly,2023-11-01
u_2904,US,annual,2023-12-01
u_2905,LATAM,monthly,2023-11-01
u_2906,US,monthly,2024-02-01
u_2907,EU,monthly,2024-06-01
u_2908,EU,monthly,2024-06-01
u_2909,EU,monthly,2024-03-01
u_2910,LATAM,monthly,2023-05-01
u_2911,US,trial,2023-06-01
u_2912,LATAM,annual,2024-01-01
u_2913,LATAM,trial,2023-05-01
u_2914,US,monthly,2023-07-01
u_2915,US,monthly,2024-01-01
u_2916,EU,annual,2023-09-01
u_2917,EU,monthly,2024-03-01
u_2918,LATAM,trial,2023-09-01
u_2919,EU,monthly,2023-07-01
u_2920,US,annual,2023-05-01
u_2921,US,monthly,2023-07-01
u_2922,US,annual,2023-10-01
u_2923,LATAM,monthly,2023-12-01
u_2924,US,annual,2023-03-01
u_2925,LATAM,monthly,2023-08-01
u_2926,US,monthly,2024-02-01
u_2927,US,monthly,2023-09-01
u_2928,US,trial,2023-09-01
u_2929,EU,trial,2023-05-01
u_2930,US,annual,2024-05-01
u_2931,US,annual,2023-09-01
u_2932,EU,monthly,2023-01-01
u_2933,EU,annual,2023-12-01
u_2934,EU,monthly,2023-07-01
u_2935,EU,monthly,2024-04-01
u_2936,US,annual,2024-06-01
u_2937,US,monthly,2023-07-01
u_2938,EU,monthly,2023-05-01
u_2939,US,trial,2023-06-01
u_2940,US,monthly,2023-03-01
u_2941,US,annual,2023-05-01
u_2942,US,monthly,2024-05-01
u_2943,US,monthly,2023-05-01
u_2944,LATAM,annual,2023-06-01
u_2945,EU,monthly,2024-02-01
u_2946,LATAM,monthly,2023-08-01
u_2947,EU,monthly,2023-07-01
u_2948,US,annual,2023-01-01
u_2949,LATAM,monthly,2024-02-01
u_2950,EU,monthly,2023-12-01
u_2951,LATAM,monthly,2023-05-01
u_2952,US,annual,2023-05-01
u_2953,EU,monthly,2024-01-01
u_2954,EU,monthly,2023-11-01
u_2955,US,trial,2023-06-01
u_2956,US,monthly,2023-04-01
u_2957,US,monthly,2023-01-01
u_2958,US,monthly,2024-06-01
u_2959,US,trial,2023-07-01
u_2960,EU,monthly,2023-07-01
u_2961,EU,trial,2023-11-01
u_2962,LATAM,monthly,2024-05-01
u_2963,EU,annual,2023-11-01
u_2964,EU,monthly,2023-02-01
u_2965,US,monthly,2023-02-01
u_2966,EU,annual,2023-01-01
u_2967,US,monthly,2024-04-01
u_2968,LATAM,trial,2023-03-01
u_2969,LATAM,trial,2023-04-01
u_2970,LATAM,annual,2023-11-01
u_2971,US,trial,2023-10-01
u_2972,US,monthly,2023-02-01
u_2973,EU,monthly,2023-06-01
u_2974,LATAM,monthly,2024-03-01
u_2975,US,trial,2024-01-01
u_2976,EU,monthly,2023-02-01
u_2977,US,annual,2024-01-01
u_2978,US,monthly,2023-02-01
u_2979,LATAM,monthly,2023-11-01
u_2980,US,monthly,2024-04-01
u_2981,EU,monthly,2023-12-01
u_2982,US,monthly,2023-04-01
u_2983,US,monthly,2023-01-01
u_2984,US,trial,2023-01-01
u_2985,LATAM,monthly,2023-06-01
u_2986,LATAM,trial,2024-03-01
u_2987,US,monthly,2023-08-01
u_2988,EU,monthly,2024-01-01
u_2989,US,trial,2024-05-01
u_2990,US,annual,2024-03-01
u_2991,US,monthly,2023-11-01
u_2992,EU,trial,2023-10-01
u_2993,EU,monthly,2023-05-01
u_2994,LATAM,monthly,2023-07-01
u_2995,US,annual,2023-09-01
u_2996,EU,monthly,2023-06-01
u_2997,EU,monthly,2024-06-01
u_2998,LATAM,monthly,2024-02-01
u_2999,US,monthly,2024-06-01
